let,num,pref_en,cityname_en,pref_ja,cityname_ja
本,111,miyagi,kesennuma,宮城県,気仙沼市
町,860,osaka,sakai,大阪府,堺市堺区
通,143,niigata,chuo,新潟県,新潟市中央区
潮,3,hokkaido,abashiri,北海道,網走市
田,148,kyoto,kyotanabe,京都府,京田辺市
寛,2,tochigi,utsunomiya,栃木県,宇都宮市
政,5,aichi,tobishima,愛知県,海部郡飛島村
東,194,osaka,sakai,大阪府,堺市堺区
寺,133,kyoto,sakyo,京都府,京都市左京区
尾,174,toyama,toyama,富山県,富山市
台,133,osaka,sakaiminami,大阪府,堺市南区
大,114,saga,saga,佐賀県,佐賀市
岸,16,hokkaido,toyohira,北海道,札幌市豊平区
谷,87,kyoto,kyotanabe,京都府,京田辺市
朝,21,gifu,takayama,岐阜県,高山市
日,126,aichi,kiyosu,愛知県,清須市
鶴,16,ishikawa,hakusan,石川県,白山市
見,25,gifu,gifu,岐阜県,岐阜市
中,155,toyama,toyama,富山県,富山市
央,12,kumamoto,yamaga,熊本県,山鹿市
馬,33,oita,nakatsu,大分県,中津市
場,17,tokushima,awa,徳島県,阿波市
黒,37,yamagata,tsuruoka,山形県,鶴岡市
ふ,2,fukuoka,higashi,福岡県,福岡市東区
頭,7,aomori,tohoku,青森県,上北郡東北町
末,21,hokkaido,asahikawa,北海道,旭川市
広,31,hiroshima,kure,広島県,呉市
扇,4,hokkaido,furano,北海道,富良野市
島,92,okayama,kurashiki,岡山県,倉敷市
安,73,oita,usa,大分県,宇佐市
善,11,fukuoka,kurume,福岡県,久留米市
浜,106,osaka,sakainishi,大阪府,堺市西区
仲,7,nagasaki,iki,長崎県,壱岐市
下,71,miyagi,kami,宮城県,加美郡加美町
野,92,aichi,konan,愛知県,江南市
汐,2,kanagawa,yokosuka,神奈川県,横須賀市
入,10,miyagi,marumori,宮城県,伊具郡丸森町
生,36,gifu,takayama,岐阜県,高山市
麦,7,miyagi,marumori,宮城県,伊具郡丸森町
小,54,fukushima,minamisoma,福島県,南相馬市
弁,20,mie,inabe,三重県,いなべ市
天,49,kyoto,kyotanabe,京都府,京田辺市
駒,19,miyagi,kurihara,宮城県,栗原市
岡,115,fukui,sakai,福井県,坂井市
向,45,kyoto,fushimi,京都府,京都市伏見区
井,49,kyoto,kyotanabe,京都府,京田辺市
栄,15,kyoto,kyotango,京都府,京丹後市
平,67,fukushima,iwaki,福島県,いわき市
市,30,hyogo,tanba,兵庫県,丹波市
富,34,saga,saga,佐賀県,佐賀市
士,24,saga,saga,佐賀県,佐賀市
菅,10,osaka,sakai,大阪府,堺市堺区
沢,119,miyagi,kami,宮城県,加美郡加美町
和,54,hyogo,asago,兵庫県,朝来市
吉,106,miyagi,kesennuma,宮城県,気仙沼市
尻,27,hiroshima,kure,広島県,呉市
手,32,akita,akita,秋田県,秋田市
上,116,kyoto,kita,京都府,京都市北区
西,244,hokkaido,obihiro,北海道,帯広市
元,17,kyoto,kamigyo,京都府,京都市上京区
宮,57,aichi,konan,愛知県,江南市
豊,114,miyagi,tome,宮城県,登米市
諏,20,osaka,sakainishi,大阪府,堺市西区
訪,20,osaka,sakainishi,大阪府,堺市西区
坂,35,fukui,sakai,福井県,坂井市
北,282,hokkaido,kamifurano,北海道,空知郡上富良野町
佃,3,aomori,aomori,青森県,青森市
三,260,osaka,sakai,大阪府,堺市堺区
ツ,14,akita,noshiro,秋田県,能代市
池,39,aichi,inazawa,愛知県,稲沢市
公,8,osaka,sakainishi,大阪府,堺市西区
園,46,hyogo,nishinomiya,兵庫県,西宮市
獅,2,nagasaki,hirado,長崎県,平戸市
子,26,hyogo,nishinomiya,兵庫県,西宮市
ケ,120,kyoto,sakyo,京都府,京都市左京区
の,25,yamaguchi,shimonoseki,山口県,下関市
矢,15,hyogo,aioi,兵庫県,相生市
梶,4,fukuoka,nakagawa,福岡県,那珂川市
山,138,tokushima,yoshinogawa,徳島県,吉野川市
江,88,fukui,sakai,福井県,坂井市
崎,74,kyoto,sakyo,京都府,京都市左京区
屋,80,kyoto,shimogyo,京都府,京都市下京区
松,68,kyoto,sakyo,京都府,京都市左京区
斎,3,yamagata,tsuruoka,山形県,鶴岡市
藤,21,tochigi,tochigi,栃木県,栃木市
分,32,kagoshima,kirishima,鹿児島県,霧島市
反,8,kyoto,ukyo,京都府,京都市右京区
六,55,hokkaido,kamifurano,北海道,空知郡上富良野町
角,12,akita,senboku,秋田県,仙北市
橋,72,toyama,toyama,富山県,富山市
泉,50,ishikawa,kaga,石川県,加賀市
栗,52,hokkaido,iwamizawa,北海道,岩見沢市
丸,117,fukui,sakai,福井県,坂井市
高,74,kyoto,sakyo,京都府,京都市左京区
宝,18,osaka,sakai,大阪府,堺市堺区
恵,5,hokkaido,eniwa,北海道,恵庭市
比,14,akita,odate,秋田県,大館市
須,16,kochi,konan,高知県,香南市
千,19,chiba,minamiboso,千葉県,南房総市
若,22,ishikawa,suzu,石川県,珠洲市
鈴,6,shizuoka,fuji,静岡県,富士市
繁,2,aomori,tsugaru,青森県,つがる市
瑞,15,nagasaki,unzen,長崎県,雲仙市
穂,18,hokkaido,higashi,北海道,札幌市東区
新,101,toyama,toyama,富山県,富山市
浦,45,nagasaki,iki,長崎県,壱岐市
出,54,hyogo,toyooka,兵庫県,豊岡市
守,7,fukui,fukui,福井県,福井市
星,13,okayama,ibara,岡山県,井原市
神,89,hokkaido,asahikawa,北海道,旭川市
奈,46,kyoto,yawata,京都府,八幡市
川,161,iwate,oshu,岩手県,奥州市
青,28,tottori,tottori,鳥取県,鳥取市
木,78,kyoto,kyotanabe,京都府,京田辺市
桐,3,gifu,takayama,岐阜県,高山市
畑,70,kyoto,ukyo,京都府,京都市右京区
金,33,miyagi,kurihara,宮城県,栗原市
港,12,akita,oga,秋田県,男鹿市
内,74,kyoto,kyotanabe,京都府,京田辺市
二,237,osaka,sakai,大阪府,堺市堺区
幸,9,hokkaido,obihiro,北海道,帯広市
家,18,hiroshima,fukuyama,広島県,福山市
太,84,kyoto,ukyo,京都府,京都市右京区
立,11,fukuoka,yame,福岡県,八女市
榎,12,osaka,sakai,大阪府,堺市堺区
旭,30,hokkaido,asahikawa,北海道,旭川市
丘,111,osaka,sakai,大阪府,堺市堺区
之,101,osaka,sakai,大阪府,堺市堺区
白,42,kyoto,sakyo,京都府,京都市左京区
幡,104,kyoto,yawata,京都府,八幡市
七,47,hokkaido,kamifurano,北海道,空知郡上富良野町
口,69,shiga,koka,滋賀県,甲賀市
楽,41,hokkaido,asahikawa,北海道,旭川市
鳥,64,kyoto,minami,京都府,京都市南区
越,13,kyoto,ukyo,京都府,京都市右京区
亀,19,kyoto,fushimi,京都府,京都市伏見区
住,82,kyoto,kyotanabe,京都府,京田辺市
南,222,hokkaido,obihiro,北海道,帯広市
羽,63,kyoto,minami,京都府,京都市南区
渡,13,hokkaido,iwamizawa,北海道,岩見沢市
片,10,mie,tsu,三重県,津市
倉,35,kyoto,sakyo,京都府,京都市左京区
枚,3,aomori,sotogahama,青森県,東津軽郡外ケ浜町
伊,20,kagoshima,hioki,鹿児島県,日置市
勢,30,mie,inabe,三重県,いなべ市
戸,32,kyoto,kyotanabe,京都府,京田辺市
部,45,kyoto,nantan,京都府,南丹市
御,43,kyoto,yamashina,京都府,京都市山科区
所,14,kyoto,fushimi,京都府,京都市伏見区
赤,26,miyagi,kesennuma,宮城県,気仙沼市
門,108,ishikawa,wajima,石川県,輪島市
老,6,osaka,sakai,大阪府,堺市堺区
桜,14,shimane,gotsu,島根県,江津市
沼,28,miyagi,tome,宮城県,登米市
み,6,kanagawa,aoba,神奈川県,横浜市青葉区
な,3,miyagi,kesennuma,宮城県,気仙沼市
と,3,hokkaido,kitami,北海道,北見市
ら,9,mie,nabari,三重県,名張市
い,6,hokkaido,kita,北海道,札幌市北区
花,32,kyoto,ukyo,京都府,京都市右京区
咲,4,chiba,funabashi,千葉県,船橋市
紅,2,aichi,kita,愛知県,名古屋市北区
葉,12,osaka,ibaraki,大阪府,枚方市
霞,8,osaka,sakai,大阪府,堺市堺区
境,23,gunma,isesaki,群馬県,伊勢崎市
前,108,ishikawa,wajima,石川県,輪島市
久,58,kyoto,kyotango,京都府,京丹後市
保,33,hyogo,tatsuno,兵庫県,たつの市
棚,9,hokkaido,setana,北海道,久遠郡せたな町
浅,19,shiga,nagahama,滋賀県,長浜市
間,34,ehime,uwajima,愛媛県,宇和島市
軽,3,niigata,nagaoka,新潟県,長岡市
楠,12,osaka,ibaraki,大阪府,枚方市
錦,16,osaka,sakai,大阪府,堺市堺区
牧,14,kanagawa,naka,神奈川県,横浜市中区
根,27,gifu,motosu,岐阜県,本巣市
加,73,gifu,kagamihara,岐阜県,各務原市
曽,11,fukuoka,kokuraminami,福岡県,北九州市小倉南区
袋,29,miyagi,kami,宮城県,加美郡加美町
滝,37,kyoto,ukyo,京都府,京都市右京区
里,114,miyagi,tome,宮城県,登米市
か,3,saitama,kawagoe,埼玉県,川越市
も,3,shimane,masuda,島根県,益田市
め,2,saitama,matsubushi,埼玉県,北葛飾郡松伏町
万,13,hokkaido,iwamizawa,北海道,岩見沢市
代,22,saga,imari,佐賀県,伊万里市
初,5,kanagawa,miura,神奈川県,三浦市
音,65,hokkaido,kushiro,北海道,釧路市
海,44,gifu,kaidsu,岐阜県,海津市
真,12,hokkaido,minami,北海道,札幌市南区
砂,38,hyogo,takasago,兵庫県,高砂市
相,21,saga,karatsu,佐賀県,唐津市
佐,61,kochi,kami,高知県,香美市
福,40,toyama,takaoka,富山県,高岡市
荒,15,fukui,katsuyama,福井県,勝山市
方,199,miyagi,tome,宮城県,登米市
原,241,miyagi,kami,宮城県,加美郡加美町
郷,50,nagasaki,saikai,長崎県,西海市
豆,4,miyagi,kurihara,宮城県,栗原市
妙,13,gunma,tomioka,群馬県,富岡市
香,40,hyogo,kami,兵庫県,美方郡香美町
竹,43,kyoto,kita,京都府,京都市北区
柏,17,hyogo,tanba,兵庫県,丹波市
石,57,hyogo,toyooka,兵庫県,豊岡市
影,8,hyogo,higashinada,兵庫県,神戸市東灘区
寿,6,gifu,hashima,岐阜県,羽島市
不,11,kumamoto,uki,熊本県,宇城市
翁,4,osaka,sakai,大阪府,堺市堺区
蓬,3,fukushima,hirata,福島県,石川郡平田村
莱,3,miyagi,kami,宮城県,加美郡加美町
衣,158,iwate,oshu,岩手県,奥州市
芝,28,osaka,sakainishi,大阪府,堺市西区
塚,17,kyoto,yamashina,京都府,京都市山科区
簑,1,kanagawa,naka,神奈川県,横浜市中区
打,32,kyoto,kyotanabe,京都府,京田辺市
鷺,15,wakayama,wakayama,和歌山県,和歌山市
緑,32,osaka,sakai,大阪府,堺市堺区
満,7,osaka,kaizuka,大阪府,高槻市
歳,8,oita,bungoono,大分県,豊後大野市
長,67,yamaguchi,shimonoseki,山口県,下関市
者,2,fukuoka,kasuya,福岡県,糟屋郡粕屋町
吹,11,kagoshima,hioki,鹿児島県,日置市
弥,15,kyoto,kyotango,京都府,京丹後市
曙,12,hokkaido,teine,北海道,札幌市手稲区
常,19,kyoto,ukyo,京都府,京都市右京区
盤,19,kyoto,ukyo,京都府,京都市右京区
黄,2,hokkaido,eniwa,北海道,恵庭市
ノ,138,wakayama,wakayama,和歌山県,和歌山市
英,8,hyogo,himeji,兵庫県,姫路市
十,345,hokkaido,kamifurano,北海道,空知郡上富良野町
横,48,kyoto,fushimi,京都府,京都市伏見区
毛,5,wakayama,wakayama,和歌山県,和歌山市
枝,13,kyoto,nishikyo,京都府,京都市西京区
村,43,hyogo,kami,兵庫県,美方郡香美町
別,167,hokkaido,kushiro,北海道,釧路市
堀,50,niigata,chuo,新潟県,新潟市中央区
睦,2,akita,yokote,秋田県,横手市
王,51,kyoto,kyotanabe,京都府,京田辺市
唐,37,miyagi,kesennuma,宮城県,気仙沼市
世,17,kagoshima,minamisatsuma,鹿児島県,南さつま市
八,172,toyama,toyama,富山県,富山市
舟,16,tochigi,tochigi,栃木県,栃木市
永,49,hokkaido,asahikawa,北海道,旭川市
蒔,3,fukushima,miharu,福島県,田村郡三春町
土,57,kochi,kami,高知県,香美市
共,16,hokkaido,kushiro,北海道,釧路市
進,2,aichi,minato,愛知県,名古屋市港区
宿,28,osaka,sakai,大阪府,堺市堺区
春,117,aichi,kiyosu,愛知県,清須市
伏,18,toyama,takaoka,富山県,高岡市
弘,5,kochi,kochi,高知県,高知市
明,20,aichi,konan,愛知県,江南市
清,23,miyagi,kami,宮城県,加美郡加美町
水,80,toyama,toyama,富山県,富山市
庚,4,nagasaki,unzen,長崎県,雲仙市
仏,6,kyoto,shimogyo,京都府,京都市下京区
法,5,iwate,morioka,岩手県,盛岡市
瀬,56,kagoshima,amami,鹿児島県,奄美市
帷,3,gifu,kani,岐阜県,可児市
権,4,aichi,nagakute,愛知県,長久手市
今,32,shiga,takashima,滋賀県,高島市
岩,66,aichi,nagakute,愛知県,長久手市
月,34,shiga,nagahama,滋賀県,長浜市
鎌,4,chiba,kamagaya,千葉県,鎌ヶ谷市
峰,35,kyoto,kyotango,京都府,京丹後市
辺,48,kyoto,kyotanabe,京都府,京田辺市
狩,4,yamanashi,otsuki,山梨県,大月市
釜,28,iwate,takizawa,岩手県,滝沢市
杉,15,mie,tsu,三重県,津市
磯,18,miyagi,kesennuma,宮城県,気仙沼市
地,32,iwate,fudai,岩手県,下閉伊郡普代村
森,20,osaka,sakainishi,大阪府,堺市西区
鳳,70,osaka,sakainishi,大阪府,堺市西区
坪,8,kyoto,kyotanabe,京都府,京田辺市
呑,2,hiroshima,fukuyama,広島県,福山市
氷,46,hyogo,tanba,兵庫県,丹波市
取,35,kyoto,kyotanabe,京都府,京田辺市
洋,5,hiroshima,minami,広島県,広島市南区
光,45,hokkaido,asahikawa,北海道,旭川市
が,67,mie,nabari,三重県,名張市
泥,2,iwate,hachimantai,岩手県,八幡平市
柳,33,gifu,gifu,岐阜県,岐阜市
景,2,nagasaki,nagasaki,長崎県,長崎市
利,27,toyama,nanto,富山県,南砺市
能,22,ishikawa,nanao,石川県,七尾市
津,47,gifu,kaidsu,岐阜県,海津市
ず,9,mie,nabari,三重県,名張市
乙,22,aichi,handa,愛知県,半田市
舳,1,kanagawa,kanazawa,神奈川県,横浜市金沢区
洲,8,hyogo,amagasaki,兵庫県,尼崎市
潟,13,akita,nikaho,秋田県,にかほ市
道,37,miyagi,shichikashuku,宮城県,刈田郡七ヶ宿町
帆,13,hyogo,minamiawaji,兵庫県,南あわじ市
昭,12,hokkaido,obihiro,北海道,帯広市
柴,9,fukushima,kitakata,福島県,喜多方市
並,7,gifu,gujo,岐阜県,郡上市
篠,34,iwate,takizawa,岩手県,滝沢市
菊,25,hokkaido,shiroishi,北海道,札幌市白石区
名,54,kagoshima,amami,鹿児島県,奄美市
机,1,kanagawa,kohoku,神奈川県,横浜市港北区
師,10,osaka,sakainaka,大阪府,堺市中区
樽,8,hokkaido,ishikari,北海道,石狩市
綱,3,kanagawa,kohoku,神奈川県,横浜市港北区
箕,14,gunma,takasaki,群馬県,高崎市
輪,4,chiba,kimitsu,千葉県,君津市
深,137,kyoto,fushimi,京都府,京都市伏見区
俣,9,mie,ise,三重県,伊勢市
秋,13,aichi,ichinomiya,愛知県,一宮市
雀,7,kyoto,shimogyo,京都府,京都市下京区
舞,10,hokkaido,monbetsu,北海道,紋別市
汲,13,gifu,ibigawa,岐阜県,揖斐郡揖斐川町
品,6,hiroshima,minami,広島県,広島市南区
濃,37,mie,tsu,三重県,津市
芹,4,shiga,hikone,滋賀県,彦根市
笹,5,toyama,toyama,富山県,富山市
限,1,kanagawa,konan,神奈川県,横浜市港南区
最,7,miyagi,kesennuma,宮城県,気仙沼市
庭,9,osaka,sakaiminami,大阪府,堺市南区
作,67,aichi,nagakute,愛知県,長久手市
希,5,mie,nabari,三重県,名張市
望,3,kanagawa,asahi,神奈川県,横浜市旭区
騎,1,kanagawa,asahi,神奈川県,横浜市旭区
左,4,aomori,shichinohe,青森県,上北郡七戸町
近,9,gifu,hashima,岐阜県,羽島市
さ,3,okayama,naka,岡山県,岡山市中区
ち,2,tochigi,mibu,栃木県,下都賀郡壬生町
四,129,osaka,sakai,大阪府,堺市堺区
季,3,hiroshima,hatsukaichi,広島県,廿日市市
美,53,kyoto,kyotango,京都府,京丹後市
指,23,fukushima,aidsuwakamatsu,福島県,会津若松市
都,12,tochigi,tochigi,栃木県,栃木市
鴨,46,kyoto,sakyo,京都府,京都市左京区
居,42,hokkaido,asahikawa,北海道,旭川市
霧,10,hyogo,akashi,兵庫県,明石市
朔,2,kanagawa,yokohamamidori,神奈川県,横浜市緑区
砥,4,miyagi,tome,宮城県,登米市
治,22,tottori,tottori,鳥取県,鳥取市
ぶ,1,kanagawa,yokohamamidori,神奈川県,横浜市緑区
き,4,fukuoka,wakamatsu,福岡県,北九州市若松区
阿,224,hokkaido,kushiro,北海道,釧路市
敷,25,wakayama,wakayama,和歌山県,和歌山市
卸,3,niigata,higashi,新潟県,新潟市東区
五,58,osaka,sakai,大阪府,堺市堺区
貫,8,fukuoka,kokuraminami,福岡県,北九州市小倉南区
目,72,hokkaido,shiroishi,北海道,札幌市白石区
笠,26,kyoto,kita,京都府,京都市北区
桂,57,kyoto,nishikyo,京都府,京都市西京区
庄,24,oita,yufu,大分県,由布市
犬,14,oita,bungoono,大分県,豊後大野市
陽,12,osaka,sakai,大阪府,堺市堺区
鍛,3,kumamoto,chuo,熊本県,熊本市中央区
冶,7,shimane,izumo,島根県,出雲市
飯,33,mie,matsusaka,三重県,松阪市
領,11,hiroshima,shobara,広島県,庄原市
百,56,osaka,sakaimihara,大阪府,堺市北区
合,22,kumamoto,minami,熊本県,熊本市南区
志,40,miyagi,kurihara,宮城県,栗原市
良,47,gifu,gifu,岐阜県,岐阜市
恩,4,osaka,izumisano,大阪府,八尾市
す,10,mie,nabari,三重県,名張市
よ,3,hyogo,kita,兵庫県,神戸市北区
し,5,hokkaido,kiyota,北海道,札幌市清田区
あ,6,hokkaido,kita,北海道,札幌市北区
ざ,2,kanagawa,aoba,神奈川県,横浜市青葉区
成,31,miyagi,kurihara,宮城県,栗原市
つ,38,mie,nabari,三重県,名張市
り,18,yamagata,higashine,山形県,東根市
じ,18,mie,nabari,三重県,名張市
梅,82,kyoto,ukyo,京都府,京都市右京区
荏,3,kanagawa,aoba,神奈川県,横浜市青葉区
草,137,kyoto,fushimi,京都府,京都市伏見区
た,2,kanagawa,aoba,神奈川県,横浜市青葉区
ば,2,aichi,miyoshi,愛知県,みよし市
柿,7,hiroshima,etajima,広島県,江田島市
け,3,shimane,masuda,島根県,益田市
え,2,hokkaido,ebetsu,北海道,江別市
ぎ,2,hokkaido,ebetsu,北海道,江別市
風,19,hokkaido,nayoro,北海道,名寄市
鉄,5,aomori,sotogahama,青森県,東津軽郡外ケ浜町
ね,1,kanagawa,aoba,神奈川県,横浜市青葉区
早,7,gifu,gifu,岐阜県,岐阜市
渕,5,gunma,takasaki,群馬県,高崎市
牛,15,kyoto,nishikyo,京都府,京都市西京区
賀,129,kyoto,kita,京都府,京都市北区
茅,4,yamagata,tsuruoka,山形県,鶴岡市
勝,23,nagasaki,iki,長崎県,壱岐市
折,8,aichi,konan,愛知県,江南市
熊,21,wakayama,shingu,和歌山県,新宮市
葛,8,shiga,otsu,滋賀県,大津市
れ,2,aichi,seto,愛知県,瀬戸市
ゆ,3,chiba,midori,千葉県,千葉市緑区
塩,28,yamanashi,koshu,山梨県,甲州市
殿,13,kyoto,kamigyo,京都府,京都市上京区
夜,16,kochi,konan,高知県,香南市
浮,14,fukuoka,ukiha,福岡県,うきは市
鋼,1,kanagawa,kawasaki,神奈川県,川崎市川崎区
管,1,kanagawa,kawasaki,神奈川県,川崎市川崎区
追,4,kanagawa,yokosuka,神奈川県,横須賀市
京,106,kyoto,ukyo,京都府,京都市右京区
貝,5,niigata,nagaoka,新潟県,長岡市
来,31,nagasaki,isahaya,長崎県,諫早市
河,43,tottori,tottori,鳥取県,鳥取市
観,7,hiroshima,nishi,広島県,広島市西区
駅,18,hiroshima,fukuyama,広島県,福山市
堤,6,kyoto,ukyo,京都府,京都市右京区
鹿,134,miyagi,kami,宮城県,加美郡加美町
紺,4,kumamoto,chuo,熊本県,熊本市中央区
遠,9,fukushima,iwaki,福島県,いわき市
古,96,miyagi,osaki,宮城県,大崎市
城,43,hiroshima,shobara,広島県,庄原市
等,5,kyoto,kita,京都府,京都市北区
々,34,hokkaido,kushiro,北海道,釧路市
力,8,aichi,konan,愛知県,江南市
陣,6,fukuoka,kurume,福岡県,久留米市
苅,10,fukushima,kitakata,福島県,喜多方市
祗,1,kanagawa,nakahara,神奈川県,川崎市中原区
延,4,hokkaido,bibai,北海道,美唄市
年,6,hyogo,ako,兵庫県,赤穂市
蟹,44,aomori,sotogahama,青森県,東津軽郡外ケ浜町
母,3,aichi,toyota,愛知県,豊田市
溝,9,gifu,gifu,岐阜県,岐阜市
宇,57,nara,uda,奈良県,宇陀市
布,15,hokkaido,kushiro,北海道,釧路市
堰,8,miyagi,kami,宮城県,加美郡加美町
登,21,ishikawa,nanao,石川県,七尾市
枡,1,kanagawa,tama,神奈川県,川崎市多摩区
形,13,akita,akita,秋田県,秋田市
仙,14,osaka,sakai,大阪府,堺市堺区
稲,19,hokkaido,teine,北海道,札幌市手稲区
呂,13,hokkaido,kitami,北海道,北見市
蔵,14,oita,kunisaki,大分県,国東市
有,29,nagasaki,minamishimabara,長崎県,南島原市
や,2,yamagata,yamagata,山形県,山形市
絹,1,kanagawa,miyamae,神奈川県,川崎市宮前区
麻,18,hokkaido,ebetsu,北海道,江別市
禅,8,kyoto,sakyo,京都府,京都市左京区
程,1,kanagawa,asou,神奈川県,川崎市麻生区
虹,2,mie,matsusaka,三重県,松阪市
多,26,saga,imari,佐賀県,伊万里市
摩,22,fukuoka,itoshima,福岡県,糸島市
細,14,hyogo,miki,兵庫県,三木市
は,2,kochi,kochi,高知県,高知市
る,2,chiba,kisaradsu,千葉県,木更津市
ひ,5,hokkaido,higashikagura,北海道,上川郡東神楽町
九,75,kyoto,minami,京都府,京都市南区
寸,1,kanagawa,sagamiharamidori,神奈川県,相模原市緑区
嵐,22,kyoto,nishikyo,京都府,京都市西京区
又,7,gifu,gifu,岐阜県,岐阜市
ヶ,111,osaka,sakai,大阪府,堺市堺区
与,17,niigata,nagaoka,新潟県,長岡市
澤,6,yamanashi,hokuto,山梨県,北杜市
連,19,hokkaido,nayoro,北海道,名寄市
模,3,kanagawa,sagamiharaminami,神奈川県,相模原市南区
淵,6,iwate,tono,岩手県,遠野市
由,12,shizuoka,shimizu,静岡県,静岡市清水区
武,14,oita,kunisaki,大分県,国東市
当,3,kyoto,sakyo,京都府,京都市左京区
林,20,hyogo,himeji,兵庫県,姫路市
団,9,hokkaido,asahikawa,北海道,旭川市
文,17,akita,yokote,秋田県,横手市
鵜,38,iwate,takizawa,岩手県,滝沢市
双,5,ehime,iyo,愛媛県,伊予市
湘,2,kanagawa,yokosuka,神奈川県,横須賀市
国,55,fukui,sakai,福井県,坂井市
際,2,miyagi,shichikashuku,宮城県,刈田郡七ヶ宿町
芦,37,nagasaki,iki,長崎県,壱岐市
鷹,45,kyoto,kita,京都府,京都市北区
船,29,fukushima,tamura,福島県,田村市
グ,2,fukushima,inawashiro,福島県,耶麻郡猪苗代町
リ,5,hokkaido,kushiro,北海道,釧路市
ー,4,toyama,takaoka,富山県,高岡市
ン,6,hokkaido,kushiro,北海道,釧路市
ハ,2,kanagawa,yokosuka,神奈川県,横須賀市
イ,4,hokkaido,teshio,北海道,天塩郡天塩町
科,2,ishikawa,kanazawa,石川県,金沢市
ラ,2,hokkaido,ishikari,北海道,石狩市
ド,1,kanagawa,yokosuka,神奈川県,横須賀市
粟,11,kyoto,higashiyama,京都府,京都市東山区
荻,22,oita,taketa,大分県,竹田市
猿,9,yamanashi,otsuki,山梨県,大月市
箱,7,nagasaki,iki,長崎県,壱岐市
泊,87,niigata,nagaoka,新潟県,長岡市
逸,3,kanagawa,yokosuka,神奈川県,横須賀市
針,7,niigata,nishi,新潟県,新潟市西区
走,2,shizuoka,shimizu,静岡県,静岡市清水区
米,13,miyagi,tome,宮城県,登米市
斗,2,iwate,ninohe,岩手県,二戸市
夏,3,chiba,funabashi,千葉県,船橋市
達,9,osaka,shijonawate,大阪府,泉南市
徳,20,yamaguchi,yamaguchi,山口県,山口市
堂,22,kyoto,shimogyo,京都府,京都市下京区
札,6,hokkaido,shiroishi,北海道,札幌市白石区
龍,30,hyogo,tatsuno,兵庫県,たつの市
菫,1,kanagawa,hiratsuka,神奈川県,平塚市
袖,4,chiba,sodegaura,千葉県,袖ヶ浦市
重,28,oita,bungoono,大分県,豊後大野市
官,1,kanagawa,hiratsuka,神奈川県,平塚市
桃,68,kyoto,fushimi,京都府,京都市伏見区
附,6,iwate,tono,岩手県,遠野市
撫,12,tokushima,naruto,徳島県,鳴門市
夕,6,osaka,sakai,大阪府,堺市堺区
縄,5,kyoto,kita,京都府,京都市北区
ぐ,1,kanagawa,hiratsuka,神奈川県,平塚市
瀞,1,kanagawa,hiratsuka,神奈川県,平塚市
纒,1,kanagawa,hiratsuka,神奈川県,平塚市
持,5,kyoto,kita,京都府,京都市北区
嶺,5,okinawa,naha,沖縄県,那覇市
鍋,7,saga,saga,佐賀県,佐賀市
腰,5,aichi,inazawa,愛知県,稲沢市
階,3,hyogo,himeji,兵庫県,姫路市
関,19,mie,kameyama,三重県,亀山市
笛,2,chiba,okita,千葉県,夷隅郡大多喜町
浄,16,kyoto,sakyo,京都府,京都市左京区
材,14,osaka,sakai,大阪府,堺市堺区
座,3,nagasaki,nagasaki,長崎県,長崎市
ガ,15,hyogo,takaradsuka,兵庫県,宝塚市
極,64,kyoto,ukyo,京都府,京都市右京区
雪,8,nagasaki,saikai,長崎県,西海市
助,5,tochigi,ashikaga,栃木県,足利市
玉,25,saitama,honjo,埼玉県,本庄市
植,45,kumamoto,kita,熊本県,熊本市北区
廻,5,aichi,nagakute,愛知県,長久手市
勒,1,kanagawa,fujisawa,神奈川県,藤沢市
辻,13,kyoto,yamashina,京都府,京都市山科区
鵠,10,kanagawa,fujisawa,神奈川県,藤沢市
柄,2,fukui,echizen,福井県,越前市
橘,10,gunma,shibukawa,群馬県,渋川市
鋸,1,kanagawa,fujisawa,神奈川県,藤沢市
後,35,kyoto,kyotango,京都府,京丹後市
円,8,wakayama,wakayama,和歌山県,和歌山市
行,14,saitama,kawaguchi,埼玉県,川口市
旗,7,mie,nabari,三重県,名張市
荷,5,kyoto,fushimi,京都府,京都市伏見区
そ,1,kanagawa,fujisawa,神奈川県,藤沢市
獺,1,kanagawa,fujisawa,神奈川県,藤沢市
戻,1,kanagawa,fujisawa,神奈川県,藤沢市
菖,12,saitama,kuki,埼玉県,久喜市
蒲,12,saitama,kuki,埼玉県,久喜市
用,17,tottori,tottori,鳥取県,鳥取市
祭,10,tochigi,utsunomiya,栃木県,宇都宮市
府,59,yamaguchi,shimonoseki,山口県,下関市
字,547,miyagi,kami,宮城県,加美郡加美町
板,17,niigata,nagaoka,新潟県,長岡市
窪,10,fukushima,iwaki,福島県,いわき市
匂,3,kanagawa,odawara,神奈川県,小田原市
我,17,kochi,konan,高知県,香南市
酒,3,chiba,sakae,千葉県,印旛郡栄町
穴,5,miyagi,kami,宮城県,加美郡加美町
桑,37,miyagi,kesennuma,宮城県,気仙沼市
蓮,6,chiba,sanmu,千葉県,山武市
正,18,gifu,hashima,岐阜県,羽島市
友,6,mie,iga,三重県,伊賀市
鬼,8,hokkaido,obira,北海道,留萌郡小平町
栢,2,saitama,kuki,埼玉県,久喜市
萩,18,aichi,ichinomiya,愛知県,一宮市
夫,3,aomori,tohoku,青森県,上北郡東北町
湖,29,shiga,nagahama,滋賀県,長浜市
浪,26,aomori,aomori,青森県,青森市
菱,10,kagoshima,isa,鹿児島県,伊佐市
室,20,nara,uda,奈良県,宇陀市
甘,2,fukuoka,asakura,福岡県,朝倉市
逗,1,kanagawa,zushi,神奈川県,逗子市
声,5,kanagawa,miura,神奈川県,三浦市
網,24,hyogo,himeji,兵庫県,姫路市
諸,7,nagasaki,iki,長崎県,壱岐市
晴,8,osaka,sakaiminami,大阪府,堺市南区
岬,18,chiba,isumi,千葉県,いすみ市
毘,3,fukui,fukui,福井県,福井市
沙,3,fukui,fukui,福井県,福井市
外,14,kyoto,kyotanabe,京都府,京田辺市
坊,6,kyoto,fushimi,京都府,京都市伏見区
槻,7,miyagi,shibata,宮城県,柴田郡柴田町
蓑,4,toyama,takaoka,富山県,高岡市
菩,10,osaka,sakaihigashi,大阪府,堺市東区
提,10,osaka,sakaihigashi,大阪府,堺市東区
巻,7,aichi,toyohashi,愛知県,豊橋市
渋,2,kanagawa,hadano,神奈川県,秦野市
栃,17,niigata,nagaoka,新潟県,長岡市
秦,83,kyoto,ukyo,京都府,京都市右京区
落,7,miyagi,taiwa,宮城県,黒川郡大和町
曲,28,akita,daisen,秋田県,大仙市
張,3,miyagi,marumori,宮城県,伊具郡丸森町
丹,36,kyoto,kyotango,京都府,京丹後市
愛,12,hokkaido,obihiro,北海道,帯広市
甲,46,shiga,koka,滋賀県,甲賀市
厚,26,hokkaido,atsubetsu,北海道,札幌市厚別区
ま,3,shimane,masuda,島根県,益田市
げ,1,kanagawa,atsugi,神奈川県,厚木市
依,5,shizuoka,fuji,静岡県,富士市
知,21,aichi,konan,愛知県,江南市
鳶,1,kanagawa,atsugi,神奈川県,厚木市
妻,24,iwate,morioka,岩手県,盛岡市
及,1,kanagawa,atsugi,神奈川県,厚木市
引,29,fukushima,tamura,福島県,田村市
温,49,ishikawa,kaga,石川県,加賀市
吾,13,nagasaki,unzen,長崎県,雲仙市
蓼,2,kanagawa,ayase,神奈川県,綾瀬市
易,1,kanagawa,isehara,神奈川県,伊勢原市
粕,15,gunma,maebashi,群馬県,前橋市
歌,19,hokkaido,esashi,北海道,枝幸郡枝幸町
端,14,kyoto,sakyo,京都府,京都市左京区
串,5,kagoshima,kanoya,鹿児島県,鹿屋市
波,115,tokushima,awa,徳島県,阿波市
糟,1,kanagawa,isehara,神奈川県,伊勢原市
社,12,shimane,izumo,島根県,出雲市
怒,2,tochigi,nikko,栃木県,日光市
壗,1,kanagawa,minamiashigara,神奈川県,南足柄市
雄,19,akita,akita,秋田県,秋田市
雨,2,gunma,nakanojo,群馬県,吾妻郡中之条町
班,1,kanagawa,minamiashigara,神奈川県,南足柄市
基,22,hokkaido,obihiro,北海道,帯広市
綾,16,osaka,sakai,大阪府,堺市堺区
一,241,osaka,sakai,大阪府,堺市堺区
色,30,hyogo,sumoto,兵庫県,洲本市
動,4,tokushima,tokushima,徳島県,徳島市
麗,2,saitama,hidaka,埼玉県,日高市
虫,3,shiga,koka,滋賀県,甲賀市
半,13,osaka,sakai,大阪府,堺市堺区
雑,9,wakayama,wakayama,和歌山県,和歌山市
寄,4,aichi,konan,愛知県,江南市
庶,1,kanagawa,matsuda,神奈川県,足柄上郡松田町
惣,2,aichi,kita,愛知県,名古屋市北区
玄,6,kyoto,kita,京都府,京都市北区
湯,8,hiroshima,saeki,広島県,広島市佐伯区
触,100,nagasaki,iki,長崎県,壱岐市
皆,3,gunma,maebashi,群馬県,前橋市
強,2,gunma,ota,群馬県,太田市
羅,13,kyoto,kyotanabe,京都府,京田辺市
雲,19,shimane,matsue,島根県,松江市
茶,6,hokkaido,kushiro,北海道,釧路市
塔,18,nara,gojo,奈良県,五條市
涌,9,ishikawa,kanazawa,石川県,金沢市
底,5,miyagi,kami,宮城県,加美郡加美町
肥,21,saga,karatsu,佐賀県,唐津市
増,11,akita,yokote,秋田県,横手市
煤,5,kyoto,kyotanabe,京都府,京田辺市
梨,4,fukushima,shirakawa,福島県,白河市
笂,1,gunma,maebashi,群馬県,前橋市
胡,2,aichi,tahara,愛知県,田原市
女,4,aichi,nakagawa,愛知県,名古屋市中川区
表,16,fukushima,shirakawa,福島県,白河市
面,4,mie,kuwana,三重県,桑名市
込,5,tokyo,ota,東京都,大田区
膳,6,shiga,otsu,滋賀県,大津市
沖,7,miyagi,wakuya,宮城県,遠田郡涌谷町
閑,6,kyoto,higashiyama,京都府,京都市東山区
総,9,kyoto,kita,京都府,京都市北区
路,47,kyoto,fushimi,京都府,京都市伏見区
問,3,hokkaido,horonobe,北海道,天塩郡幌延町
苗,18,hokkaido,higashi,北海道,札幌市東区
橳,1,gunma,maebashi,群馬県,前橋市
気,29,tottori,tottori,鳥取県,鳥取市
鼻,13,kyoto,yamashina,京都府,京都市山科区
樋,5,kyoto,sakyo,京都府,京都市左京区
漆,24,miyagi,kami,宮城県,加美郡加美町
暮,2,tokyo,arakawa,東京都,荒川区
時,2,ishikawa,wajima,石川県,輪島市
房,5,gifu,seki,岐阜県,関市
茂,129,kyoto,kita,京都府,京都市北区
供,3,okayama,kita,岡山県,岡山市北区
足,17,tochigi,nikko,栃木県,日光市
押,13,hyogo,nishi,兵庫県,神戸市西区
請,2,chiba,kisaradsu,千葉県,木更津市
疋,2,fukui,awara,福井県,あわら市
嘉,4,saga,saga,佐賀県,佐賀市
類,5,gunma,takasaki,群馬県,高崎市
塙,2,gunma,takasaki,群馬県,高崎市
剣,2,hyogo,kasai,兵庫県,加西市
鞘,2,aomori,hirosaki,青森県,弘前市
銀,3,aomori,hachinohe,青森県,八戸市
竜,7,aichi,okazaki,愛知県,岡崎市
筑,13,kochi,sukumo,高知県,宿毛市
椿,3,nara,nara,奈良県,奈良市
乗,89,kyoto,sakyo,京都府,京都市左京区
榛,43,nara,uda,奈良県,宇陀市
聖,64,ishikawa,kaga,石川県,加賀市
檜,19,hokkaido,setana,北海道,久遠郡せたな町
物,34,kochi,kami,高知県,香美市
冷,1,gunma,takasaki,群馬県,高崎市
棟,5,kyoto,higashiyama,京都府,京都市東山区
弓,18,ehime,kamijima,愛媛県,越智郡上島町
奥,26,aichi,inazawa,愛知県,稲沢市
漢,4,okayama,takahashi,岡山県,高梁市
綿,1,gunma,takasaki,群馬県,高崎市
織,6,iwate,tono,岩手県,遠野市
姫,40,miyagi,kurihara,宮城県,栗原市
曾,2,osaka,kita,大阪府,大阪市北区
琴,25,hokkaido,kita,北海道,札幌市北区
巴,1,gunma,kiryu,群馬県,桐生市
乾,3,kyoto,ukyo,京都府,京都市右京区
喜,9,fukushima,koriyama,福島県,郡山市
定,3,fukui,sakai,福井県,坂井市
華,8,ibaraki,kitaibaraki,茨城県,北茨城市
此,1,gunma,isesaki,群馬県,伊勢崎市
韮,6,shizuoka,izunokuni,静岡県,伊豆の国市
乃,5,shimane,matsue,島根県,松江市
ろ,1,gunma,isesaki,群馬県,伊勢崎市
せ,2,fukui,eiheiji,福井県,吉田郡永平寺町
宗,4,saitama,shiki,埼玉県,志木市
除,1,gunma,isesaki,群馬県,伊勢崎市
養,11,tokushima,naruto,徳島県,鳴門市
舘,27,aomori,sotogahama,青森県,東津軽郡外ケ浜町
鷲,7,gifu,gujo,岐阜県,郡上市
切,6,aichi,toyota,愛知県,豊田市
ス,2,hokkaido,tobetsu,北海道,石狩郡当別町
バ,1,gunma,ota,群馬県,太田市
ル,4,hokkaido,asahikawa,北海道,旭川市
只,2,iwate,kamaishi,岩手県,釜石市
祢,1,gunma,ota,群馬県,太田市
右,4,kochi,shimanto,高知県,高岡郡四万十町
衛,7,wakayama,wakayama,和歌山県,和歌山市
溜,1,gunma,ota,群馬県,太田市
備,11,okayama,kurashiki,岡山県,倉敷市
藪,6,kyoto,ukyo,京都府,京都市右京区
脇,14,tokushima,mima,徳島県,美馬市
墨,7,gifu,ogaki,岐阜県,大垣市
薄,4,toyama,toyama,富山県,富山市
楚,1,gunma,numata,群馬県,沼田市
発,29,hokkaido,nishi,北海道,札幌市西区
語,2,gunma,numata,群馬県,沼田市
父,22,aichi,inazawa,愛知県,稲沢市
硯,3,kumamoto,kita,熊本県,熊本市北区
楊,2,mie,kumano,三重県,熊野市
那,71,gifu,kagamihara,岐阜県,各務原市
組,6,kyoto,higashiyama,京都府,京都市東山区
喰,3,chiba,yokoshibahikari,千葉県,山武郡横芝光町
次,14,shimane,unnan,島根県,雲南市
街,7,iwate,ichinoseki,岩手県,一関市
曳,3,aomori,tohoku,青森県,上北郡東北町
傍,1,gunma,tatebayashi,群馬県,館林市
示,2,ishikawa,kanazawa,石川県,金沢市
工,7,wakayama,wakayama,和歌山県,和歌山市
祖,58,tokushima,miyoshi,徳島県,三好市
壁,1,gunma,shibukawa,群馬県,渋川市
鮎,17,hyogo,sumoto,兵庫県,洲本市
埜,3,chiba,inzai,千葉県,印西市
譲,1,gunma,fujioka,群馬県,藤岡市
染,18,hyogo,miki,兵庫県,三木市
蚊,2,ishikawa,kanazawa,石川県,金沢市
農,5,hokkaido,nakafurano,北海道,空知郡中富良野町
君,9,hiroshima,miyoshi,広島県,三次市
匠,12,oita,saiki,大分県,佐伯市
蛇,2,aichi,tokoname,愛知県,常滑市
箇,2,fukuoka,sawara,福岡県,福岡市早良区
義,13,gunma,tomioka,群馬県,富岡市
岳,8,nagasaki,sasebo,長崎県,佐世保市
蕨,2,yamagata,yuza,山形県,飽海郡遊佐町
仁,34,hokkaido,kushiro,北海道,釧路市
衙,1,gunma,annaka,群馬県,安中市
料,6,hokkaido,asahikawa,北海道,旭川市
峠,13,miyagi,marumori,宮城県,伊具郡丸森町
軒,19,hokkaido,nishi,北海道,札幌市西区
在,16,osaka,sakai,大阪府,堺市堺区
人,15,kagoshima,kirishima,鹿児島県,霧島市
簗,3,tochigi,utsunomiya,栃木県,宇都宮市
懸,4,gunma,midori,群馬県,みどり市
楢,20,akita,akita,秋田県,秋田市
魚,8,hyogo,akashi,兵庫県,明石市
磐,16,fukushima,iwaki,福島県,いわき市
車,12,osaka,sakai,大阪府,堺市堺区
慶,6,fukushima,kitakata,福島県,喜多方市
造,66,aomori,tsugaru,青森県,つがる市
轟,1,gunma,kanra,群馬県,甘楽郡甘楽町
蟻,3,nagano,matsumoto,長野県,松本市
条,381,hokkaido,asahikawa,北海道,旭川市
応,9,hiroshima,kure,広島県,呉市
干,24,hyogo,himeji,兵庫県,姫路市
摺,3,fukuoka,chikushino,福岡県,筑紫野市
築,41,miyagi,kurihara,宮城県,栗原市
糸,3,chiba,kimitsu,千葉県,君津市
額,8,ishikawa,kanazawa,石川県,金沢市
橡,1,gunma,showa,群馬県,利根郡昭和村
施,3,chiba,kashiwa,千葉県,柏市
桧,2,akita,senboku,秋田県,仙北市
嶋,14,miyagi,kami,宮城県,加美郡加美町
離,2,hyogo,suma,兵庫県,神戸市須磨区
籾,2,chiba,narashino,千葉県,習志野市
萱,5,osaka,kawachinagano,大阪府,寝屋川市
鶉,6,gifu,gifu,岐阜県,岐阜市
狸,1,gunma,ora,群馬県,邑楽郡邑楽町
番,110,niigata,chuo,新潟県,新潟市中央区
タ,5,aomori,gonohe,青森県,三戸郡五戸町
パ,4,hokkaido,asahikawa,北海道,旭川市
ク,4,aichi,kiyosu,愛知県,清須市
叶,1,tochigi,utsunomiya,栃木県,宇都宮市
欠,5,miyagi,kami,宮城県,加美郡加美町
籠,10,osaka,sakai,大阪府,堺市堺区
刈,10,kagoshima,isa,鹿児島県,伊佐市
瓦,9,osaka,sakai,大阪府,堺市堺区
業,5,hokkaido,asahikawa,北海道,旭川市
鐺,1,tochigi,utsunomiya,栃木県,宇都宮市
逆,5,chiba,kashiwa,千葉県,柏市
伝,4,aichi,okazaki,愛知県,岡崎市
郎,20,aichi,inazawa,愛知県,稲沢市
刑,2,tochigi,utsunomiya,栃木県,宇都宮市
兵,6,saga,saga,佐賀県,佐賀市
庫,9,hyogo,amagasaki,兵庫県,尼崎市
冬,2,oita,bungoono,大分県,豊後大野市
幕,2,chiba,hanamigawa,千葉県,千葉市花見川区
操,2,aichi,yatomi,愛知県,弥富市
ど,3,hyogo,kita,兵庫県,神戸市北区
免,25,nagasaki,saza,長崎県,北松浦郡佐々町
杜,2,miyagi,natori,宮城県,名取市
鵤,1,tochigi,ashikaga,栃木県,足利市
樺,5,hokkaido,obihiro,北海道,帯広市
垂,4,mie,yokkaichi,三重県,四日市市
借,1,tochigi,ashikaga,栃木県,足利市
昌,2,iwate,morioka,岩手県,盛岡市
迫,6,iwate,hanamaki,岩手県,花巻市
学,56,kyoto,sakyo,京都府,京都市左京区
椚,2,miyagi,kesennuma,宮城県,気仙沼市
梁,21,fukushima,date,福島県,伊達市
芳,18,okayama,ibara,岡山県,井原市
県,14,nagasaki,tsushima,長崎県,対馬市
梓,4,nagano,matsumoto,長野県,松本市
流,13,hokkaido,iwamizawa,北海道,岩見沢市
祝,4,ehime,matsuyama,愛媛県,松山市
静,4,kyoto,sakyo,京都府,京都市左京区
畳,2,gifu,gifu,岐阜県,岐阜市
巣,8,miyagi,taiwa,宮城県,黒川郡大和町
伯,21,shimane,yasugi,島根県,安来市
薗,7,mie,ise,三重県,伊勢市
臼,7,chiba,sakura,千葉県,佐倉市
戦,3,fukushima,shirakawa,福島県,白河市
升,2,niigata,nishikan,新潟県,新潟市西蒲区
仕,2,miyagi,tome,宮城県,登米市
帯,7,hokkaido,obihiro,北海道,帯広市
刀,19,shimane,unnan,島根県,雲南市
蛭,3,saitama,kasukabe,埼玉県,春日部市
湊,24,osaka,sakai,大阪府,堺市堺区
倭,8,hyogo,minamiawaji,兵庫県,南あわじ市
会,43,fukushima,aidsuwakamatsu,福島県,会津若松市
く,2,tokyo,machida,東京都,町田市
鐙,1,tochigi,sano,栃木県,佐野市
申,2,aichi,nagakute,愛知県,長久手市
袴,2,tokyo,machida,東京都,町田市
彦,20,yamaguchi,shimonoseki,山口県,下関市
鉢,3,tochigi,nikko,栃木県,日光市
飛,27,aichi,konan,愛知県,江南市
苧,1,tochigi,kanuma,栃木県,鹿沼市
油,11,yamaguchi,nagato,山口県,長門市
晃,1,tochigi,kanuma,栃木県,鹿沼市
跡,3,osaka,izumisano,大阪府,八尾市
楡,2,gifu,wanouchi,岐阜県,安八郡輪之内町
化,1,tochigi,kanuma,栃木県,鹿沼市
樅,1,tochigi,kanuma,栃木県,鹿沼市
セ,13,fukushima,nihonmatsu,福島県,二本松市
宕,4,aomori,gonohe,青森県,三戸郡五戸町
掛,7,shimane,unnan,島根県,雲南市
洞,30,gifu,gifu,岐阜県,岐阜市
才,4,niigata,nagaoka,新潟県,長岡市
猪,18,iwate,morioka,岩手県,盛岡市
荊,1,tochigi,nikko,栃木県,日光市
沓,2,fukui,tsuruga,福井県,敦賀市
祠,1,tochigi,nikko,栃木県,日光市
独,1,tochigi,nikko,栃木県,日光市
鈷,1,tochigi,nikko,栃木県,日光市
垣,26,kyoto,kyotanabe,京都府,京田辺市
蔭,2,wakayama,wakayama,和歌山県,和歌山市
挾,23,oita,yufu,大分県,由布市
無,7,kagawa,takamatsu,香川県,高松市
暁,1,tochigi,oyama,栃木県,小山市
宅,25,kyoto,yamashina,京都府,京都市山科区
鏡,19,kochi,kochi,高知県,高知市
薬,8,miyagi,kami,宮城県,加美郡加美町
寒,224,hokkaido,kushiro,北海道,釧路市
拝,3,ehime,saijo,愛媛県,西条市
駄,2,miyagi,kesennuma,宮城県,気仙沼市
卒,2,aomori,shichinohe,青森県,上北郡七戸町
椅,1,tochigi,oyama,栃木県,小山市
扶,1,tochigi,oyama,栃木県,小山市
峯,44,kyoto,kita,京都府,京都市北区
瓜,2,fukui,echizen,福井県,越前市
條,11,yamanashi,nirasaki,山梨県,韮崎市
旅,26,osaka,sakai,大阪府,堺市堺区
骨,2,tokyo,edogawa,東京都,江戸川区
狭,13,hyogo,aioi,兵庫県,相生市
親,4,hokkaido,ishikari,北海道,石狩市
練,1,tochigi,otawara,栃木県,大田原市
蜂,9,gifu,minokamo,岐阜県,美濃加茂市
実,4,miyagi,kami,宮城県,加美郡加美町
紫,86,kyoto,kita,京都府,京都市北区
余,27,shiga,nagahama,滋賀県,長浜市
両,3,kyoto,fushimi,京都府,京都市伏見区
こ,2,yamagata,yamagata,山形県,山形市
館,44,miyagi,kurihara,宮城県,栗原市
ご,1,tochigi,nasushiobara,栃木県,那須塩原市
区,139,fukushima,minamisoma,福島県,南相馬市
遅,8,fukui,katsuyama,福井県,勝山市
墾,1,tochigi,nasushiobara,栃木県,那須塩原市
結,3,hyogo,toyooka,兵庫県,豊岡市
埼,16,saga,kanzaki,佐賀県,神埼市
鴫,2,kyoto,nishikyo,京都府,京都市西京区
接,1,tochigi,nasushiobara,栃木県,那須塩原市
蟇,1,tochigi,nasushiobara,栃木県,那須塩原市
箭,1,tochigi,nasushiobara,栃木県,那須塩原市
氏,2,tochigi,sakura,栃木県,さくら市
卯,2,aichi,agui,愛知県,知多郡阿久比町
櫻,2,shiga,yasu,滋賀県,野洲市
狹,1,tochigi,sakura,栃木県,さくら市
フ,2,kyoto,fushimi,京都府,京都市伏見区
ィ,2,saitama,misato,埼玉県,三郷市
オ,1,tochigi,sakura,栃木県,さくら市
レ,1,tochigi,sakura,栃木県,さくら市
積,13,fukushima,koriyama,福島県,郡山市
桶,8,aichi,midori,愛知県,名古屋市緑区
興,28,kyoto,kyotanabe,京都府,京田辺市
鴻,10,hokkaido,monbetsu,北海道,紋別市
枕,2,aichi,konan,愛知県,江南市
医,2,niigata,chuo,新潟県,新潟市中央区
烏,3,chiba,kisaradsu,千葉県,木更津市
祇,2,fukuoka,yahatahigashi,福岡県,北九州市八幡東区
教,2,osaka,izumisano,大阪府,八尾市
主,25,fukuoka,kurume,福岡県,久留米市
功,1,tochigi,kaminokawa,栃木県,河内郡上三川町
汗,2,tochigi,kaminokawa,栃木県,河内郡上三川町
う,4,iwate,ichinoseki,岩手県,一関市
益,14,hokkaido,ishikari,北海道,石狩市
椎,10,fukuoka,higashi,福岡県,福岡市東区
続,3,aichi,minami,愛知県,名古屋市南区
給,2,chiba,ichinomiya,千葉県,長生郡一宮町
ぼ,3,shimane,masuda,島根県,益田市
壬,5,tochigi,mibu,栃木県,下都賀郡壬生町
丁,455,osaka,sakai,大阪府,堺市堺区
丙,7,fukushima,aidsubange,福島県,河沼郡会津坂下町
お,4,chiba,nagareyama,千葉県,流山市
ゃ,1,tochigi,mibu,栃木県,下都賀郡壬生町
至,1,tochigi,mibu,栃木県,下都賀郡壬生町
産,2,niigata,nagaoka,新潟県,長岡市
潤,1,tochigi,nogi,栃木県,下都賀郡野木町
肘,2,nara,nara,奈良県,奈良市
健,2,kumamoto,higashi,熊本県,熊本市東区
盛,14,nagasaki,isahaya,長崎県,諫早市
段,6,kyoto,ukyo,京都府,京都市右京区
司,7,yamaguchi,shimonoseki,山口県,下関市
皇,1,tokyo,chiyoda,東京都,千代田区
苑,6,hokkaido,ishikari,北海道,石狩市
塀,1,tokyo,chiyoda,東京都,千代田区
淡,14,hyogo,kita,兵庫県,神戸市北区
駿,3,shizuoka,aoi,静岡県,静岡市葵区
隼,15,kagoshima,kirishima,鹿児島県,霧島市
麹,1,tokyo,chiyoda,東京都,千代田区
紀,18,mie,kumano,三重県,熊野市
蛎,1,tokyo,chuo,東京都,中央区
殻,1,tokyo,chuo,東京都,中央区
兜,3,hokkaido,toyotomi,北海道,天塩郡豊富町
留,29,hokkaido,kitami,北海道,北見市
虎,2,gifu,tajimi,岐阜県,多治見市
信,33,nagano,nagano,長野県,長野市
伎,6,shimane,izumo,島根県,出雲市
揚,2,kumamoto,yatsushiro,熊本県,八代市
払,3,hokkaido,sarufutsu,北海道,宗谷郡猿払村
納,63,gifu,gifu,岐阜県,岐阜市
箪,1,tokyo,shinjuku,東京都,新宿区
笥,1,tokyo,shinjuku,東京都,新宿区
改,11,gifu,gifu,岐阜県,岐阜市
筋,7,wakayama,wakayama,和歌山県,和歌山市
雷,6,miyagi,kami,宮城県,加美郡加美町
束,8,shimane,matsue,島根県,松江市
夢,30,hyogo,himeji,兵庫県,姫路市
牡,1,tokyo,koto,東京都,江東区
辰,3,hiroshima,kure,広島県,呉市
巳,2,hokkaido,bibai,北海道,美唄市
好,15,fukushima,iwaki,福島県,いわき市
澄,10,hokkaido,minami,北海道,札幌市南区
先,2,aichi,kiyosu,愛知県,清須市
洗,3,aomori,noheji,青森県,上北郡野辺地町
碑,1,tokyo,meguro,東京都,目黒区
自,4,hyogo,miki,兵庫県,三木市
祐,2,saga,saga,佐賀県,佐賀市
空,12,hokkaido,sunagawa,北海道,砂川市
糀,3,tokyo,ota,東京都,大田区
調,36,hiroshima,onomichi,広島県,尾道市
令,6,yamaguchi,hofu,山口県,防府市
砧,2,tokyo,setagaya,東京都,世田谷区
弦,1,tokyo,setagaya,東京都,世田谷区
豪,1,tokyo,setagaya,東京都,世田谷区
経,5,toyama,uozu,富山県,魚津市
鶯,1,tokyo,shibuya,東京都,渋谷区
濤,1,tokyo,shibuya,東京都,渋谷区
庵,2,fukushima,aidsuwakamatsu,福島県,会津若松市
要,3,miyagi,kesennuma,宮城県,気仙沼市
支,3,hokkaido,saroma,北海道,紋別郡遠軽町
舎,18,hiroshima,miyoshi,広島県,三次市
皿,2,saitama,yoshikawa,埼玉県,吉川市
臨,4,niigata,higashi,新潟県,新潟市東区
柚,3,nagasaki,sasebo,長崎県,佐世保市
裏,9,kyoto,ukyo,京都府,京都市右京区
弐,1,tokyo,hachioji,東京都,八王子市
鑓,1,tokyo,hachioji,東京都,八王子市
企,1,tokyo,hachioji,東京都,八王子市
散,1,tokyo,hachioji,東京都,八王子市
廿,2,aomori,hachinohe,青森県,八戸市
壱,2,saitama,ageo,埼玉県,上尾市
祥,90,kyoto,minami,京都府,京都市南区
牟,7,aichi,toyohashi,愛知県,豊橋市
礼,6,hokkaido,furano,北海道,富良野市
是,2,aomori,hachinohe,青森県,八戸市
磨,58,hyogo,himeji,兵庫県,姫路市
図,7,kyoto,kamigyo,京都府,京都市上京区
忠,11,hokkaido,asahikawa,北海道,旭川市
回,1,tokyo,kodaira,東京都,小平市
願,3,toyama,toyama,富山県,富山市
恋,2,tokyo,kokubunji,東京都,国分寺市
芋,45,miyagi,kami,宮城県,加美郡加美町
畔,5,hokkaido,ishikari,北海道,石狩市
火,11,kumamoto,uki,熊本県,宇城市
止,3,wakayama,wakayama,和歌山県,和歌山市
残,1,tokyo,musashimurayama,東京都,武蔵村山市
乞,1,tokyo,tama,東京都,多摩市
継,2,tokyo,akiruno,東京都,あきる野市
む,1,tokyo,mizuho,東京都,西多摩郡瑞穂町
嶽,4,miyagi,tome,宮城県,登米市
数,2,aomori,tohoku,青森県,上北郡東北町
差,2,saitama,kawaguchi,埼玉県,川口市
式,1,tokyo,nijima,東京都,新島村
錆,1,tokyo,kozushimamura,東京都,神津島村
智,9,gifu,ena,岐阜県,恵那市
糠,2,chiba,kimitsu,千葉県,君津市
砲,2,miyagi,miyagino,宮城県,仙台市宮城野区
処,1,tokyo,kozushimamura,東京都,神津島村
秩,1,tokyo,kozushimamura,東京都,神津島村
焼,13,hiroshima,kure,広島県,呉市
鴎,1,tokyo,kozushimamura,東京都,神津島村
葱,1,tokyo,kozushimamura,東京都,神津島村
着,2,hyogo,himeji,兵庫県,姫路市
樫,47,kyoto,nishikyo,京都府,京都市西京区
硫,1,tokyo,ogasawara,東京都,小笠原村
聟,1,tokyo,ogasawara,東京都,小笠原村
プ,4,hokkaido,asahikawa,北海道,旭川市
ザ,2,fukushima,inawashiro,福島県,耶麻郡猪苗代町
判,4,oita,oita,大分県,大分市
釘,6,wakayama,wakayama,和歌山県,和歌山市
遊,2,toyama,nanto,富山県,南砺市
盆,1,saitama,kita,埼玉県,さいたま市北区
栽,1,saitama,kita,埼玉県,さいたま市北区
櫛,10,osaka,sakai,大阪府,堺市堺区
ェ,2,miyagi,wakuya,宮城県,遠田郡涌谷町
膝,2,saitama,asaka,埼玉県,朝霞市
心,72,oita,usa,大分県,宇佐市
開,15,ehime,saijo,愛媛県,西条市
鍬,5,iwate,miyako,岩手県,宮古市
蕃,2,kyoto,kamigyo,京都府,京都市上京区
孫,3,chiba,abiko,千葉県,我孫子市
慈,4,shiga,omihachiman,滋賀県,近江八幡市
釣,2,saitama,iwatsuki,埼玉県,さいたま市岩槻区
わ,2,yamagata,yamagata,山形県,山形市
郭,1,saitama,kawagoe,埼玉県,川越市
鯨,2,saitama,kawagoe,埼玉県,川越市
的,3,saitama,kawagoe,埼玉県,川越市
飼,38,iwate,takizawa,岩手県,滝沢市
体,2,iwate,oshu,岩手県,奥州市
財,5,kagawa,mitoyo,香川県,三豊市
冑,1,saitama,kumagaya,埼玉県,熊谷市
屈,1,saitama,kumagaya,埼玉県,熊谷市
男,14,kyoto,yawata,京都府,八幡市
稜,1,saitama,kumagaya,埼玉県,熊谷市
威,5,osaka,yao,大阪府,茨木市
俵,4,kyoto,kamigyo,京都府,京都市上京区
拾,3,fukuoka,nishi,福岡県,福岡市西区
鳩,3,saitama,kawaguchi,埼玉県,川口市
爪,3,gifu,gifu,岐阜県,岐阜市
鋏,1,saitama,kawaguchi,埼玉県,川口市
源,2,aichi,handa,愛知県,半田市
忍,3,saitama,gyoda,埼玉県,行田市
側,5,kyoto,higashiyama,京都府,京都市東山区
柱,9,aichi,toyohashi,愛知県,豊橋市
贄,1,saitama,chichibu,埼玉県,秩父市
茜,11,gifu,gifu,岐阜県,岐阜市
征,1,saitama,hanno,埼玉県,飯能市
颪,1,saitama,hanno,埼玉県,飯能市
縫,1,saitama,hanno,埼玉県,飯能市
直,10,hokkaido,kushiro,北海道,釧路市
秀,2,chiba,abiko,千葉県,我孫子市
種,11,hyogo,shiso,兵庫県,宍粟市
杓,2,fukuoka,moji,福岡県,北九州市門司区
記,2,aichi,nishio,愛知県,西尾市
鉾,6,kyoto,shimogyo,京都府,京都市下京区
割,31,iwate,fudai,岩手県,下閉伊郡普代村
遣,3,saitama,kazo,埼玉県,加須市
茎,2,saitama,kazo,埼玉県,加須市
児,25,saitama,honjo,埼玉県,本庄市
凍,1,saitama,higashimatsuyama,埼玉県,東松山市
順,1,saitama,kasukabe,埼玉県,春日部市
衾,1,saitama,kasukabe,埼玉県,春日部市
珠,7,hokkaido,higashi,北海道,札幌市東区
銚,1,saitama,kasukabe,埼玉県,春日部市
院,122,oita,usa,大分県,宇佐市
兼,3,hiroshima,higashihiroshima,広島県,東広島市
エ,3,aomori,gonohe,青森県,三戸郡五戸町
電,1,saitama,kounosu,埼玉県,鴻巣市
済,3,saitama,fukaya,埼玉県,深谷市
起,6,iwate,oshu,岩手県,奥州市
計,2,saitama,fukaya,埼玉県,深谷市
血,1,saitama,fukaya,埼玉県,深谷市
挽,2,wakayama,wakayama,和歌山県,和歌山市
普,24,kyoto,kyotanabe,京都府,京田辺市
戒,5,kyoto,minami,京都府,京都市南区
畠,7,ishikawa,kanazawa,石川県,金沢市
葺,1,saitama,ageo,埼玉県,上尾市
ウ,7,tokushima,miyoshi,徳島県,三好市
鍵,3,gifu,gifu,岐阜県,岐阜市
陸,12,aichi,inazawa,愛知県,稲沢市
隊,1,saitama,asaka,埼玉県,朝霞市
駐,1,saitama,asaka,埼玉県,朝霞市
屯,17,hokkaido,kita,北海道,札幌市北区
甫,1,saitama,kuki,埼玉県,久喜市
狐,2,aichi,yatomi,愛知県,弥富市
垳,1,saitama,yashio,埼玉県,八潮市
ほ,2,saitama,fujimi,埼玉県,富士見市
采,2,saitama,misato,埼玉県,三郷市
シ,6,hokkaido,kushiro,北海道,釧路市
テ,2,saitama,misato,埼玉県,三郷市
州,16,nagano,nagano,長野県,長野市
ピ,1,saitama,misato,埼玉県,三郷市
ア,2,ishikawa,uchinada,石川県,河北郡内灘町
閏,1,saitama,hasuda,埼玉県,蓮田市
に,1,saitama,sakado,埼玉県,坂戸市
っ,1,saitama,sakado,埼玉県,坂戸市
槙,1,saitama,satte,埼玉県,幸手市
現,2,aichi,seto,愛知県,瀬戸市
脚,2,saitama,tsurugashima,埼玉県,鶴ヶ島市
味,25,miyagi,kami,宮城県,加美郡加美町
売,6,hyogo,takaradsuka,兵庫県,宝塚市
苦,6,hyogo,nishinomiya,兵庫県,西宮市
如,4,kyoto,kamigyo,京都府,京都市上京区
意,4,shimane,matsue,島根県,松江市
廣,3,fukuoka,miyama,福岡県,みやま市
将,7,kyoto,kita,京都府,京都市北区
軍,7,kyoto,kita,京都府,京都市北区
靭,1,saitama,ogawa,埼玉県,比企郡小川町
負,2,shizuoka,iwata,静岡県,磐田市
狢,2,saitama,kawajima,埼玉県,比企郡川島町
楓,1,saitama,hatoyama,埼玉県,比企郡鳩山町
般,8,aichi,konan,愛知県,江南市
郡,28,yamaguchi,yamaguchi,山口県,山口市
吐,1,saitama,kamisato,埼玉県,児玉郡上里町
黛,1,saitama,kamisato,埼玉県,児玉郡上里町
勅,2,hyogo,tanba,兵庫県,丹波市
使,2,hyogo,tanba,兵庫県,丹波市
露,3,tottori,tottori,鳥取県,鳥取市
佛,2,saitama,miyashiro,埼玉県,南埼玉郡宮代町
粂,2,saitama,miyashiro,埼玉県,南埼玉郡宮代町
茨,13,hokkaido,kita,北海道,札幌市北区
屏,2,wakayama,wakayama,和歌山県,和歌山市
ヱ,3,aichi,minami,愛知県,名古屋市南区
覚,6,kyoto,ukyo,京都府,京都市右京区
命,1,aichi,chikusa,愛知県,名古屋市千種区
汁,1,aichi,chikusa,愛知県,名古屋市千種区
振,3,osaka,ibaraki,大阪府,枚方市
猫,1,aichi,chikusa,愛知県,名古屋市千種区
添,7,hyogo,harima,兵庫県,加古郡播磨町
葵,2,kyoto,kita,京都府,京都市北区
竪,12,kyoto,kamigyo,京都府,京都市上京区
橦,1,aichi,higashi,愛知県,名古屋市東区
税,1,aichi,higashi,愛知県,名古屋市東区
筒,3,hiroshima,akiota,広島県,山県郡安芸太田町
倫,1,aichi,higashi,愛知県,名古屋市東区
鋺,5,aichi,kita,愛知県,名古屋市北区
彩,5,osaka,yao,大阪府,茨木市
投,1,aichi,kita,愛知県,名古屋市北区
稚,2,kyoto,yamashina,京都府,京都市山科区
憧,1,aichi,kita,愛知県,名古屋市北区
旛,1,aichi,kita,愛知県,名古屋市北区
桝,3,kyoto,fushimi,京都府,京都市伏見区
瑠,1,aichi,kita,愛知県,名古屋市北区
璃,1,aichi,kita,愛知県,名古屋市北区
貴,16,wakayama,kinokawa,和歌山県,紀の川市
康,2,aichi,okazaki,愛知県,岡崎市
則,4,gifu,gifu,岐阜県,岐阜市
幅,2,iwate,yahaba,岩手県,紫波郡矢巾町
枇,63,aichi,kiyosu,愛知県,清須市
杷,63,aichi,kiyosu,愛知県,清須市
運,3,aichi,nakagawa,愛知県,名古屋市中川区
付,3,fukushima,kitakata,福島県,喜多方市
薙,3,shizuoka,shimizu,静岡県,静岡市清水区
閤,8,toyama,izumi,富山県,射水市
筬,1,aichi,nakamura,愛知県,名古屋市中村区
賑,8,osaka,sakai,大阪府,堺市堺区
置,25,osaka,sakaihigashi,大阪府,堺市東区
鈍,2,kagoshima,setouchi,鹿児島県,大島郡瀬戸内町
靖,1,aichi,nakamura,愛知県,名古屋市中村区
器,3,aichi,showa,愛知県,名古屋市昭和区
構,4,hyogo,himeji,兵庫県,姫路市
檀,7,miyagi,kami,宮城県,加美郡加美町
溪,18,oita,nakatsu,大分県,中津市
郊,1,aichi,showa,愛知県,名古屋市昭和区
陶,5,aichi,seto,愛知県,瀬戸市
事,5,aichi,tenpaku,愛知県,名古屋市天白区
莨,1,aichi,mizuho,愛知県,名古屋市瑞穂区
雁,16,hokkaido,higashi,北海道,札幌市東区
薩,2,kagoshima,ichikikushikino,鹿児島県,いちき串木野市
敲,1,aichi,mizuho,愛知県,名古屋市瑞穂区
渓,13,oita,nakatsu,大分県,中津市
密,1,aichi,mizuho,愛知県,名古屋市瑞穂区
柑,2,shiga,konan,滋賀県,湖南市
劔,2,niigata,kashiwazaki,新潟県,柏崎市
彌,3,aichi,mizuho,愛知県,名古屋市瑞穂区
熱,10,fukushima,koriyama,福島県,郡山市
笈,1,aichi,nakagawa,愛知県,名古屋市中川区
碓,2,aichi,minato,愛知県,名古屋市港区
蟷,1,aichi,nakagawa,愛知県,名古屋市中川区
螂,1,aichi,nakagawa,愛知県,名古屋市中川区
蔦,3,kyoto,sakyo,京都府,京都市左京区
包,2,nara,nara,奈良県,奈良市
服,7,osaka,ikeda,大阪府,豊中市
剱,1,aichi,nakagawa,愛知県,名古屋市中川区
惟,1,aichi,minato,愛知県,名古屋市港区
魁,1,aichi,minato,愛知県,名古屋市港区
凪,1,aichi,minato,愛知県,名古屋市港区
甚,4,wakayama,wakayama,和歌山県,和歌山市
泰,2,kyoto,kamigyo,京都府,京都市上京区
協,10,akita,daisen,秋田県,大仙市
駈,1,aichi,minami,愛知県,名古屋市南区
柵,1,aichi,minami,愛知県,名古屋市南区
同,2,hyogo,himeji,兵庫県,姫路市
鯛,1,aichi,minami,愛知県,名古屋市南区
竈,6,mie,minamiise,三重県,度会郡南伊勢町
全,2,aichi,inazawa,愛知県,稲沢市
栖,31,kyoto,fushimi,京都府,京都市伏見区
鳴,23,kyoto,ukyo,京都府,京都市右京区
呼,7,saga,karatsu,佐賀県,唐津市
燈,2,kyoto,sakyo,京都府,京都市左京区
桔,19,mie,nabari,三重県,名張市
梗,19,mie,nabari,三重県,名張市
更,16,nagano,nagano,長野県,長野市
翠,2,hiroshima,minami,広島県,広島市南区
鼓,1,aichi,moriyama,愛知県,名古屋市守山区
孝,1,aichi,moriyama,愛知県,名古屋市守山区
姥,4,kyoto,kamigyo,京都府,京都市上京区
篭,16,osaka,sakai,大阪府,堺市堺区
陵,36,osaka,sakai,大阪府,堺市堺区
鞍,4,kyoto,sakyo,京都府,京都市左京区
照,4,miyagi,kami,宮城県,加美郡加美町
聞,5,hyogo,tarumi,兵庫県,神戸市垂水区
飽,15,hokkaido,kushiro,北海道,釧路市
薮,3,gifu,gifu,岐阜県,岐阜市
往,2,aomori,tohoku,青森県,上北郡東北町
完,1,aichi,toyohashi,愛知県,豊橋市
尺,6,hokkaido,kushiro,北海道,釧路市
畷,1,aichi,toyohashi,愛知県,豊橋市
呉,27,shiga,nagahama,滋賀県,長浜市
菰,2,fukuoka,izuka,福岡県,飯塚市
嵩,2,okinawa,ginowan,沖縄県,宜野湾市
談,1,aichi,toyohashi,愛知県,豊橋市
縞,1,aichi,toyohashi,愛知県,豊橋市
冨,7,toyama,toyama,富山県,富山市
隆,1,aichi,okazaki,愛知県,岡崎市
樹,2,aomori,hirosaki,青森県,弘前市
鶇,1,aichi,okazaki,愛知県,岡崎市
歓,2,kyoto,kamigyo,京都府,京都市上京区
帖,3,aichi,okazaki,愛知県,岡崎市
性,1,aichi,okazaki,愛知県,岡崎市
崗,1,aichi,okazaki,愛知県,岡崎市
印,6,aichi,owariasahi,愛知県,尾張旭市
ん,9,mie,nabari,三重県,名張市
降,2,aichi,ichinomiya,愛知県,一宮市
於,2,yamaguchi,mine,山口県,美祢市
受,3,niigata,nishikan,新潟県,新潟市西蒲区
枠,1,aichi,ichinomiya,愛知県,一宮市
杁,9,aichi,konan,愛知県,江南市
杏,1,aichi,seto,愛知県,瀬戸市
鐘,2,iwate,oshu,岩手県,奥州市
窯,4,aichi,seto,愛知県,瀬戸市
ょ,2,iwate,ichinoseki,岩手県,一関市
位,3,yamagata,yamagata,山形県,山形市
效,1,aichi,seto,愛知県,瀬戸市
範,1,aichi,seto,愛知県,瀬戸市
瘤,1,aichi,seto,愛知県,瀬戸市
背,2,kyoto,yawata,京都府,八幡市
懐,1,aichi,seto,愛知県,瀬戸市
凧,1,aichi,seto,愛知県,瀬戸市
巡,1,aichi,seto,愛知県,瀬戸市
刎,1,aichi,seto,愛知県,瀬戸市
床,3,hokkaido,nemuro,北海道,根室市
て,1,aichi,seto,愛知県,瀬戸市
捨,1,aichi,handa,愛知県,半田市
稗,7,kyoto,kameoka,京都府,亀岡市
鴉,1,aichi,handa,愛知県,半田市
勘,2,kyoto,kamigyo,京都府,京都市上京区
滑,20,hokkaido,monbetsu,北海道,紋別市
号,280,hokkaido,kamifurano,北海道,空知郡上富良野町
午,2,gifu,hashima,岐阜県,羽島市
億,3,aichi,handa,愛知県,半田市
宜,3,osaka,yao,大阪府,茨木市
ぞ,1,aichi,handa,愛知県,半田市
兀,1,aichi,handa,愛知県,半田市
柊,1,aichi,handa,愛知県,半田市
葭,4,kyoto,fushimi,京都府,京都市伏見区
酉,1,aichi,kasugai,愛知県,春日井市
臣,2,hyogo,tatsuno,兵庫県,たつの市
噴,1,aichi,kasugai,愛知県,春日井市
輝,5,kagoshima,kanoya,鹿児島県,鹿屋市
堺,2,fukui,eiheiji,福井県,吉田郡永平寺町
為,9,fukui,sakai,福井県,坂井市
泙,1,aichi,toyokawa,愛知県,豊川市
筏,1,aichi,tsushima,愛知県,津島市
麸,1,aichi,tsushima,愛知県,津島市
埋,1,aichi,tsushima,愛知県,津島市
兎,5,aomori,gonohe,青森県,三戸郡五戸町
莪,1,aichi,tsushima,愛知県,津島市
詰,5,kyoto,kamigyo,京都府,京都市上京区
度,21,mie,kuwana,三重県,桑名市
銭,2,nagasaki,nagasaki,長崎県,長崎市
踏,3,shizuoka,nishi,静岡県,浜松市西区
逢,14,miyagi,watari,宮城県,亘理郡亘理町
蘭,4,hyogo,kita,兵庫県,神戸市北区
畝,4,aichi,kiyosu,愛知県,清須市
挙,2,aichi,toyota,愛知県,豊田市
鴛,2,ishikawa,kanazawa,石川県,金沢市
蕪,1,aichi,toyota,愛知県,豊田市
首,19,okinawa,naha,沖縄県,那覇市
榑,3,mie,inabe,三重県,いなべ市
榊,1,aichi,toyota,愛知県,豊田市
李,4,aomori,shichinohe,青森県,上北郡七戸町
貞,2,tokushima,tokushima,徳島県,徳島市
ト,5,fukushima,inawashiro,福島県,耶麻郡猪苗代町
ヨ,1,aichi,toyota,愛知県,豊田市
配,1,aichi,toyota,愛知県,豊田市
節,2,gifu,gifu,岐阜県,岐阜市
杭,4,hyogo,amagasaki,兵庫県,尼崎市
饗,1,aichi,nishio,愛知県,西尾市
巨,4,saga,saga,佐賀県,佐賀市
斉,2,kyoto,fushimi,京都府,京都市伏見区
肴,1,aichi,nishio,愛知県,西尾市
対,20,nagasaki,tsushima,長崎県,対馬市
梛,1,aichi,nishio,愛知県,西尾市
駮,1,aichi,nishio,愛知県,西尾市
巾,3,aichi,inuyama,愛知県,犬山市
破,2,kochi,shimanto,高知県,高岡郡四万十町
斧,1,aichi,inuyama,愛知県,犬山市
研,1,aichi,inuyama,愛知県,犬山市
與,2,hyogo,kamigori,兵庫県,赤穂郡上郡町
乳,1,aichi,tokoname,愛知県,常滑市
竺,2,aichi,tokoname,愛知県,常滑市
隅,18,shimane,hamada,島根県,浜田市
堕,1,aichi,tokoname,愛知県,常滑市
耳,2,ishikawa,kaga,石川県,加賀市
鯉,1,aichi,tokoname,愛知県,常滑市
晩,1,aichi,tokoname,愛知県,常滑市
童,11,aichi,konan,愛知県,江南市
伍,1,aichi,konan,愛知県,江南市
幼,1,aichi,konan,愛知県,江南市
舗,1,aichi,konan,愛知県,江南市
鋳,1,aichi,konan,愛知県,江南市
弟,2,yamaguchi,shimonoseki,山口県,下関市
雅,1,aichi,komaki,愛知県,小牧市
違,4,kyoto,fushimi,京都府,京都市伏見区
梵,4,akita,yurihonjo,秋田県,由利本荘市
績,2,aichi,inazawa,愛知県,稲沢市
儀,3,okinawa,naha,沖縄県,那覇市
鰹,1,aichi,shinshiro,愛知県,新城市
玖,2,hiroshima,otake,広島県,大竹市
副,13,saga,saga,佐賀県,佐賀市
僧,3,kyoto,fushimi,京都府,京都市伏見区
巽,4,kyoto,ukyo,京都府,京都市右京区
迎,22,nagasaki,sasebo,長崎県,佐世保市
濁,1,aichi,owariasahi,愛知県,尾張旭市
陀,56,nara,uda,奈良県,宇陀市
湫,1,aichi,owariasahi,愛知県,尾張旭市
碧,1,aichi,takahama,愛知県,高浜市
論,1,aichi,takahama,愛知県,高浜市
鰯,1,aichi,aisai,愛知県,愛西市
棒,1,aichi,aisai,愛知県,愛西市
検,3,kagoshima,uken,鹿児島県,大島郡宇検村
亥,2,fukushima,aidsubange,福島県,河沼郡会津坂下町
替,2,kyoto,shimogyo,京都府,京都市下京区
葬,1,aichi,kiyosu,愛知県,清須市
丑,2,aichi,kiyosu,愛知県,清須市
ロ,4,hokkaido,ozora,北海道,斜里郡斜里町
蛸,2,mie,matsusaka,三重県,松阪市
寅,1,aichi,kiyosu,愛知県,清須市
灰,2,kyoto,nishikyo,京都府,京都市西京区
鍜,2,aichi,kitanagoya,愛知県,北名古屋市
桴,1,aichi,yatomi,愛知県,弥富市
鯏,1,aichi,yatomi,愛知県,弥富市
鮫,1,aichi,yatomi,愛知県,弥富市
蜆,2,aichi,yatomi,愛知県,弥富市
莇,2,fukui,fukui,福井県,福井市
鯰,1,aichi,ama,愛知県,あま市
婦,100,toyama,toyama,富山県,富山市
邸,2,hyogo,himeji,兵庫県,姫路市
繩,1,aichi,nagakute,愛知県,長久手市
琵,2,kyoto,minami,京都府,京都市南区
琶,2,kyoto,minami,京都府,京都市南区
櫨,9,hyogo,nishi,兵庫県,神戸市西区
涼,1,aichi,togo,愛知県,愛知郡東郷町
蓋,1,aichi,kanie,愛知県,海部郡蟹江町
渚,20,hokkaido,monbetsu,北海道,紋別市
椋,4,yamaguchi,shimonoseki,山口県,下関市
緒,35,oita,bungoono,大分県,豊後大野市
ヲ,2,aichi,taketoyo,愛知県,知多郡武豊町
ヒ,3,fukushima,inawashiro,福島県,耶麻郡猪苗代町
ジ,1,aichi,taketoyo,愛知県,知多郡武豊町
具,2,kochi,shimanto,高知県,高岡郡四万十町
邦,2,okinawa,okinawa,沖縄県,沖縄市
設,1,aichi,toei,愛知県,北設楽郡東栄町
秤,5,kyoto,kamigyo,京都府,京都市上京区
穀,3,akita,akita,秋田県,秋田市
鼠,1,akita,akita,秋田県,秋田市
鳰,1,akita,akita,秋田県,秋田市
休,2,akita,akita,秋田県,秋田市
で,1,akita,akita,秋田県,秋田市
蕗,1,akita,akita,秋田県,秋田市
サ,2,hokkaido,teshio,北海道,天塩郡天塩町
鯲,1,akita,akita,秋田県,秋田市
碇,3,aomori,hirakawa,青森県,平川市
繋,1,akita,akita,秋田県,秋田市
悪,4,akita,noshiro,秋田県,能代市
儘,1,akita,noshiro,秋田県,能代市
詠,1,akita,noshiro,秋田県,能代市
臥,1,akita,noshiro,秋田県,能代市
岱,16,kumamoto,tamana,熊本県,玉名市
塞,1,akita,noshiro,秋田県,能代市
域,1,akita,noshiro,秋田県,能代市
昇,1,akita,noshiro,秋田県,能代市
機,1,akita,noshiro,秋田県,能代市
轌,1,akita,noshiro,秋田県,能代市
腹,1,akita,noshiro,秋田県,能代市
鞁,1,akita,noshiro,秋田県,能代市
凰,1,akita,noshiro,秋田県,能代市
蚕,2,akita,noshiro,秋田県,能代市
鰄,1,akita,noshiro,秋田県,能代市
槐,1,akita,noshiro,秋田県,能代市
護,8,kyoto,sakyo,京都府,京都市左京区
鮒,1,akita,noshiro,秋田県,能代市
朴,2,iwate,morioka,岩手県,盛岡市
腕,1,akita,yokote,秋田県,横手市
鼎,12,nagano,ida,長野県,飯田市
醍,66,kyoto,fushimi,京都府,京都市伏見区
醐,66,kyoto,fushimi,京都府,京都市伏見区
狙,1,akita,yokote,秋田県,横手市
商,1,akita,odate,秋田県,大館市
釈,5,kyoto,ukyo,京都府,京都市右京区
迦,5,kyoto,ukyo,京都府,京都市右京区
象,13,akita,nikaho,秋田県,にかほ市
餌,1,akita,odate,秋田県,大館市
披,1,akita,odate,秋田県,大館市
桁,1,akita,odate,秋田県,大館市
櫃,3,hyogo,kita,兵庫県,神戸市北区
噌,1,akita,odate,秋田県,大館市
餅,2,chiba,oamishirasato,千葉県,大網白里市
鮪,2,miyagi,kesennuma,宮城県,気仙沼市
カ,4,okayama,kasaoka,岡山県,笠岡市
ッ,2,hokkaido,ishikari,北海道,石狩市
鉦,1,akita,yuzawa,秋田県,湯沢市
稔,1,akita,yuzawa,秋田県,湯沢市
囲,1,akita,yuzawa,秋田県,湯沢市
去,18,iwate,morioka,岩手県,盛岡市
麓,5,hokkaido,furano,北海道,富良野市
股,2,akita,yurihonjo,秋田県,由利本荘市
防,2,kyoto,fushimi,京都府,京都市伏見区
糖,1,akita,yurihonjo,秋田県,由利本荘市
陳,2,akita,yurihonjo,秋田県,由利本荘市
帳,1,akita,yurihonjo,秋田県,由利本荘市
剥,1,akita,yurihonjo,秋田県,由利本荘市
濡,1,akita,yurihonjo,秋田県,由利本荘市
役,5,fukuoka,yahatanishi,福岡県,北九州市八幡西区
岫,7,aomori,shichinohe,青森県,上北郡七戸町
荘,25,osaka,sakaihigashi,大阪府,堺市東区
猟,1,akita,yurihonjo,秋田県,由利本荘市
虻,2,akita,katagami,秋田県,潟上市
妹,2,okayama,minami,岡山県,岡山市南区
乱,2,yamagata,tendo,山形県,天童市
鴬,3,hyogo,kawanishi,兵庫県,川西市
淀,17,tottori,yonago,鳥取県,米子市
鉱,4,akita,kitaakita,秋田県,北秋田市
笑,1,akita,kitaakita,秋田県,北秋田市
様,1,akita,kitaakita,秋田県,北秋田市
綴,1,akita,kitaakita,秋田県,北秋田市
抓,1,akita,nikaho,秋田県,にかほ市
然,2,kyoto,sakyo,京都府,京都市左京区
刺,27,iwate,oshu,岩手県,奥州市
昼,2,akita,hachirogata,秋田県,南秋田郡八郎潟町
叉,1,akita,hachirogata,秋田県,南秋田郡八郎潟町
葹,1,akita,ikawa,秋田県,南秋田郡井川町
楳,1,akita,ugo,秋田県,雄勝郡羽後町
掵,1,akita,ugo,秋田県,雄勝郡羽後町
到,2,fukuoka,kokurakita,福岡県,北九州市小倉北区
萢,1,aomori,aomori,青森県,青森市
第,31,iwate,fudai,岩手県,下閉伊郡普代村
蛍,1,aomori,aomori,青森県,青森市
藍,2,iwate,hachimantai,岩手県,八幡平市
狼,3,miyagi,tome,宮城県,登米市
徒,3,aomori,hachinohe,青森県,八戸市
堅,7,nagano,ida,長野県,飯田市
紙,2,aomori,hirosaki,青森県,弘前市
漉,2,aomori,hirosaki,青森県,弘前市
属,1,aomori,hirosaki,青森県,弘前市
楮,1,aomori,hirosaki,青森県,弘前市
昴,1,aomori,hirosaki,青森県,弘前市
銅,2,yamagata,yamagata,山形県,山形市
塘,1,aomori,hirosaki,青森県,弘前市
党,1,aomori,hirosaki,青森県,弘前市
障,1,aomori,hachinohe,青森県,八戸市
頃,3,niigata,sanjo,新潟県,三条市
株,3,aomori,kuroishi,青森県,黒石市
幾,8,hokkaido,mikasa,北海道,三笠市
蘇,45,gifu,kagamihara,岐阜県,各務原市
芭,1,aomori,goshogawara,青森県,五所川原市
蕉,1,aomori,goshogawara,青森県,五所川原市
雛,1,aomori,goshogawara,青森県,五所川原市
藻,3,nagasaki,tsushima,長崎県,対馬市
量,2,ishikawa,kanazawa,石川県,金沢市
淋,2,aomori,tohoku,青森県,上北郡東北町
苫,2,fukuoka,higashi,福岡県,福岡市東区
槌,1,aomori,tsugaru,青森県,つがる市
袰,2,iwate,iwaizumi,岩手県,下閉伊郡岩泉町
鰐,2,miyagi,tome,宮城県,登米市
厩,40,aomori,sotogahama,青森県,東津軽郡外ケ浜町
算,2,aomori,sotogahama,青森県,東津軽郡外ケ浜町
梹,1,aomori,sotogahama,青森県,東津軽郡外ケ浜町
榔,1,aomori,sotogahama,青森県,東津軽郡外ケ浜町
鐇,1,aomori,sotogahama,青森県,東津軽郡外ケ浜町
鎧,1,aomori,sotogahama,青森県,東津軽郡外ケ浜町
建,23,okayama,kita,岡山県,岡山市北区
漁,2,hokkaido,eniwa,北海道,恵庭市
驫,1,aomori,fukaura,青森県,西津軽郡深浦町
舮,1,aomori,fukaura,青森県,西津軽郡深浦町
舛,2,aomori,fujisaki,青森県,南津軽郡藤崎町
鯖,3,fukui,sabae,福井県,鯖江市
顔,3,yamagata,oe,山形県,西村山郡大江町
犹,1,aomori,shichinohe,青森県,上北郡七戸町
夷,4,kyoto,shimogyo,京都府,京都市下京区
皀,1,aomori,shichinohe,青森県,上北郡七戸町
賽,1,aomori,shichinohe,青森県,上北郡七戸町
竿,1,aomori,shichinohe,青森県,上北郡七戸町
哘,3,aomori,shichinohe,青森県,上北郡七戸町
笊,2,aomori,shichinohe,青森県,上北郡七戸町
モ,4,aomori,gonohe,青森県,三戸郡五戸町
蒼,1,aomori,shichinohe,青森県,上北郡七戸町
放,3,toyama,takaoka,富山県,高岡市
ヤ,5,tokushima,miyoshi,徳島県,三好市
椛,2,aomori,yokohama,青森県,上北郡横浜町
鶏,3,iwate,miyako,岩手県,宮古市
唄,38,hokkaido,bibai,北海道,美唄市
ダ,2,tokushima,miyoshi,徳島県,三好市
蛯,7,aomori,tohoku,青森県,上北郡東北町
籏,2,aomori,tohoku,青森県,上北郡東北町
枋,1,aomori,tohoku,青森県,上北郡東北町
素,2,miyagi,misato,宮城県,遠田郡美里町
敏,1,aomori,tohoku,青森県,上北郡東北町
蕩,1,aomori,tohoku,青森県,上北郡東北町
饅,1,aomori,tohoku,青森県,上北郡東北町
萠,2,aomori,tohoku,青森県,上北郡東北町
架,1,aomori,rokkasho,青森県,上北郡六ヶ所村
丈,16,fukuoka,itoshima,福岡県,糸島市
菜,4,kyoto,sakyo,京都府,京都市左京区
馳,2,mie,yokkaichi,三重県,四日市市
瓢,1,aomori,oirase,青森県,上北郡おいらせ町
労,3,shiga,omihachiman,滋賀県,近江八幡市
ミ,3,tokushima,miyoshi,徳島県,三好市
傘,1,aomori,gonohe,青森県,三戸郡五戸町
博,4,fukuoka,hakata,福岡県,福岡市博多区
埖,1,aomori,nanbu,青森県,三戸郡南部町
舌,56,osaka,sakaimihara,大阪府,堺市北区
巌,2,tottori,kurayoshi,鳥取県,倉吉市
犢,1,chiba,hanamigawa,千葉県,千葉市花見川区
旦,5,gifu,gifu,岐阜県,岐阜市
誉,11,hyogo,tatsuno,兵庫県,たつの市
食,4,hyogo,amagasaki,兵庫県,尼崎市
び,3,fukuoka,wakamatsu,福岡県,北九州市若松区
吠,1,chiba,choshi,千葉県,銚子市
典,3,chiba,ichikawa,千葉県,市川市
奉,3,kyoto,fushimi,京都府,京都市伏見区
飾,76,hyogo,himeji,兵庫県,姫路市
身,6,mie,tsu,三重県,津市
習,3,chiba,funabashi,千葉県,船橋市
録,1,chiba,matsudo,千葉県,松戸市
莚,1,chiba,noda,千葉県,野田市
轡,3,chiba,mobara,千葉県,茂原市
拓,10,chiba,sakura,千葉県,佐倉市
・,2,chiba,sakura,千葉県,佐倉市
隣,1,chiba,sakura,千葉県,佐倉市
鏑,2,chiba,sakura,千葉県,佐倉市
ユ,3,chiba,sakura,千葉県,佐倉市
射,2,chiba,togane,千葉県,東金市
求,1,chiba,togane,千葉県,東金市
ニ,2,hokkaido,shimukappu,北海道,勇払郡占冠村
萬,2,chiba,asahi,千葉県,旭市
奏,1,chiba,narashino,千葉県,習志野市
姉,2,chiba,ichihara,千葉県,市原市
剛,2,fukuoka,yahatanishi,福岡県,北九州市八幡西区
級,1,chiba,ichihara,千葉県,市原市
旧,6,chiba,kimitsu,千葉県,君津市
鰭,4,miyagi,wakuya,宮城県,遠田郡涌谷町
思,2,fukushima,aidsumisato,福島県,大沼郡会津美里町
ぬ,1,chiba,kamagaya,千葉県,鎌ヶ谷市
泪,1,chiba,kimitsu,千葉県,君津市
杢,1,chiba,kimitsu,千葉県,君津市
稱,1,chiba,futtsu,千葉県,富津市
へ,1,chiba,yachimata,千葉県,八街市
卜,2,chiba,inzai,千葉県,印西市
縁,2,tottori,nichinan,鳥取県,日野郡日南町
監,3,miyagi,izumi,宮城県,仙台市泉区
復,1,chiba,shiroi,千葉県,白井市
忽,1,chiba,minamiboso,千葉県,南房総市
磑,1,chiba,minamiboso,千葉県,南房総市
ホ,1,chiba,sosa,千葉県,匝瑳市
返,2,yamaguchi,ube,山口県,宇部市
笄,1,chiba,katori,千葉県,香取市
鴇,1,chiba,katori,千葉県,香取市
埴,1,chiba,sanmu,千葉県,山武市
歩,3,toyama,toyama,富山県,富山市
驚,2,chiba,chosei,千葉県,長生郡長生村
戊,5,nagasaki,unzen,長崎県,雲仙市
剃,1,chiba,shirako,千葉県,長生郡白子町
報,1,chiba,chonan,千葉県,長生郡長南町
茗,2,toyama,toyama,富山県,富山市
崩,2,nagasaki,shimabara,長崎県,島原市
可,14,hiroshima,asakita,広島県,広島市安佐北区
難,2,ehime,matsuyama,愛媛県,松山市
客,1,ehime,matsuyama,愛媛県,松山市
苞,1,ehime,matsuyama,愛媛県,松山市
饒,2,oita,oita,大分県,大分市
祓,4,kagoshima,kanoya,鹿児島県,鹿屋市
ブ,4,okayama,kasaoka,岡山県,笠岡市
ズ,2,ehime,imabari,愛媛県,今治市
紹,1,ehime,imabari,愛媛県,今治市
杣,1,ehime,imabari,愛媛県,今治市
界,4,iwate,miyako,岩手県,宮古市
阪,15,osaka,sakainaka,大阪府,堺市中区
蒋,1,ehime,uwajima,愛媛県,宇和島市
超,1,ehime,uwajima,愛媛県,宇和島市
灘,13,hyogo,minamiawaji,兵庫県,南あわじ市
鼡,1,ehime,uwajima,愛媛県,宇和島市
槇,8,osaka,sakaiminami,大阪府,堺市南区
赦,1,ehime,uwajima,愛媛県,宇和島市
蛤,1,ehime,uwajima,愛媛県,宇和島市
務,7,gifu,kagamihara,岐阜県,各務原市
裡,1,ehime,uwajima,愛媛県,宇和島市
霊,10,kyoto,kamigyo,京都府,京都市上京区
裁,1,ehime,yawatahama,愛媛県,八幡浜市
理,4,tokushima,awa,徳島県,阿波市
鎚,1,ehime,saijo,愛媛県,西条市
周,15,yamaguchi,iwakuni,山口県,岩国市
禎,1,ehime,saijo,愛媛県,西条市
肱,8,ehime,ozu,愛媛県,大洲市
予,2,mie,iga,三重県,伊賀市
髭,2,kyoto,yamashina,京都府,京都市山科区
瓶,15,ehime,seiyo,愛媛県,西予市
削,18,ehime,kamijima,愛媛県,越智郡上島町
杵,2,oita,usuki,大分県,臼杵市
礒,6,nara,yamatotakada,奈良県,大和高田市
侈,1,ehime,ikata,愛媛県,西宇和郡伊方町
敦,1,ehime,ainan,愛媛県,南宇和郡愛南町
鯆,1,ehime,ainan,愛媛県,南宇和郡愛南町
碆,1,ehime,ainan,愛媛県,南宇和郡愛南町
尼,5,nara,nara,奈良県,奈良市
謡,1,fukui,fukui,福井県,福井市
恐,1,fukui,fukui,福井県,福井市
甑,13,kagoshima,satsumasendai,鹿児島県,薩摩川内市
尉,1,fukui,fukui,福井県,福井市
椙,1,fukui,fukui,福井県,福井市
灯,2,fukui,fukui,福井県,福井市
栂,1,fukui,fukui,福井県,福井市
寮,1,fukui,fukui,福井県,福井市
茱,2,osaka,hannan,大阪府,大阪狭山市
芽,1,fukui,tsuruga,福井県,敦賀市
箸,1,fukui,tsuruga,福井県,敦賀市
鞠,1,fukui,tsuruga,福井県,敦賀市
竃,1,fukui,obama,福井県,小浜市
鬚,1,fukui,obama,福井県,小浜市
据,3,fukui,ono,福井県,大野市
唯,1,fukui,ono,福井県,大野市
瀧,2,mie,iga,三重県,伊賀市
寶,1,fukui,ono,福井県,大野市
糺,2,kochi,susaki,高知県,須崎市
簾,7,hokkaido,minami,北海道,札幌市南区
朽,21,shiga,takashima,滋賀県,高島市
勾,1,fukui,echizen,福井県,越前市
旨,1,fukui,sakai,福井県,坂井市
随,3,fukui,sakai,福井県,坂井市
緩,1,fukui,ikeda,福井県,今立郡池田町
燧,1,fukui,minamiechizen,福井県,南条郡南越前町
樟,3,miyagi,kurihara,宮城県,栗原市
厨,6,kyoto,yamashina,京都府,京都市山科区
蝉,1,fukui,echizencho,福井県,丹生郡越前町
蒜,19,okayama,maniwa,岡山県,真庭市
終,4,nara,nara,奈良県,奈良市
仮,2,hyogo,ako,兵庫県,赤穂市
恒,2,fukuoka,moji,福岡県,北九州市門司区
筈,1,fukuoka,moji,福岡県,北九州市門司区
蜑,1,fukuoka,wakamatsu,福岡県,北九州市若松区
修,57,kyoto,sakyo,京都府,京都市左京区
頓,3,hokkaido,hamatonbetsu,北海道,枝幸郡浜頓別町
響,2,fukuoka,wakamatsu,福岡県,北九州市若松区
岐,22,oita,kunisaki,大分県,国東市
勺,1,fukuoka,wakamatsu,福岡県,北九州市若松区
籟,1,fukuoka,tobata,福岡県,北九州市戸畑区
許,1,fukuoka,kokurakita,福岡県,北九州市小倉北区
斐,24,shimane,izumo,島根県,出雲市
頂,2,kyoto,higashiyama,京都府,京都市東山区
隠,4,nagano,nagano,長野県,長野市
救,1,fukuoka,kokuraminami,福岡県,北九州市小倉南区
蜷,1,fukuoka,kokuraminami,福岡県,北九州市小倉南区
后,1,fukuoka,yahatanishi,福岡県,北九州市八幡西区
筥,2,fukuoka,higashi,福岡県,福岡市東区
隈,14,miyagi,watari,宮城県,亘理郡亘理町
店,7,wakayama,wakayama,和歌山県,和歌山市
珂,3,miyazaki,miyazaki,宮崎県,宮崎市
濠,2,fukuoka,chou,福岡県,福岡市中央区
警,2,hiroshima,kure,広島県,呉市
固,2,hiroshima,kure,広島県,呉市
曰,1,fukuoka,minami,福岡県,福岡市南区
姪,2,fukuoka,nishi,福岡県,福岡市西区
亭,1,fukuoka,jonan,福岡県,福岡市城南区
芥,16,gifu,gifu,岐阜県,岐阜市
櫟,1,fukuoka,omuta,福岡県,大牟田市
歴,1,fukuoka,omuta,福岡県,大牟田市
坑,1,fukuoka,omuta,福岡県,大牟田市
駛,1,fukuoka,omuta,福岡県,大牟田市
導,4,fukuoka,kurume,福岡県,久留米市
以,12,hokkaido,obihiro,北海道,帯広市
殖,1,fukuoka,kurume,福岡県,久留米市
薫,2,fukuoka,kurume,福岡県,久留米市
螢,5,osaka,ikeda,大阪府,豊中市
潴,12,fukuoka,kurume,福岡県,久留米市
感,1,fukuoka,nogata,福岡県,直方市
糒,1,fukuoka,tagawa,福岡県,田川市
祈,2,gifu,gifu,岐阜県,岐阜市
祷,1,fukuoka,yame,福岡県,八女市
粉,1,fukuoka,okawa,福岡県,大川市
鰺,2,fukuoka,ogori,福岡県,小郡市
俗,2,fukuoka,chikushino,福岡県,筑紫野市
藏,1,fukuoka,chikushino,福岡県,筑紫野市
頸,2,fukuoka,onojo,福岡県,大野城市
餉,1,fukuoka,onojo,福岡県,大野城市
禮,1,fukuoka,munakata,福岡県,宗像市
厳,35,nagasaki,tsushima,長崎県,対馬市
宰,3,fukuoka,dazaifu,福岡県,太宰府市
朱,17,kyoto,yamashina,京都府,京都市山科区
楼,1,fukuoka,dazaifu,福岡県,太宰府市
薦,1,fukuoka,koga,福岡県,古賀市
筵,1,fukuoka,koga,福岡県,古賀市
畦,3,hyogo,kawanishi,兵庫県,川西市
奴,9,hiroshima,miyoshi,広島県,三次市
集,19,kagoshima,hioki,鹿児島県,日置市
濱,2,hyogo,toyooka,兵庫県,豊岡市
炭,1,fukuoka,umi,福岡県,糟屋郡宇美町
惠,2,fukuoka,sue,福岡県,糟屋郡須恵町
駕,2,fukuoka,kasuya,福岡県,糟屋郡粕屋町
停,1,fukuoka,onga,福岡県,遠賀郡遠賀町
芙,1,fukuoka,onga,福岡県,遠賀郡遠賀町
蓉,1,fukuoka,onga,福岡県,遠賀郡遠賀町
尋,1,fukuoka,kurate,福岡県,鞍手郡鞍手町
絵,2,kyoto,minami,京都府,京都市南区
侍,2,yamaguchi,shimonoseki,山口県,下関市
採,1,fukuoka,kawara,福岡県,田川郡香春町
眞,1,fukuoka,kawasaki,福岡県,田川郡川崎町
任,4,tokushima,tokushima,徳島県,徳島市
鋤,1,fukuoka,kanda,福岡県,京都郡苅田町
呰,2,okayama,maniwa,岡山県,真庭市
犀,28,fukuoka,miyako,福岡県,京都郡みやこ町
袈,1,fukuoka,chikujo,福岡県,築上郡築上町
裟,1,fukuoka,chikujo,福岡県,築上郡築上町
賜,1,fukushima,fukushima,福島県,福島市
貢,3,fukushima,aidsuwakamatsu,福島県,会津若松市
寧,1,fukushima,aidsuwakamatsu,福島県,会津若松市
始,1,fukushima,aidsuwakamatsu,福島県,会津若松市
縊,1,fukushima,koriyama,福島県,郡山市
坦,3,fukushima,sukagawa,福島県,須賀川市
待,8,miyagi,tome,宮城県,登米市
榧,1,fukushima,koriyama,福島県,郡山市
艮,1,fukushima,koriyama,福島県,郡山市
勿,3,fukushima,iwaki,福島県,いわき市
晒,1,fukushima,shirakawa,福島県,白河市
転,1,fukushima,shirakawa,福島県,白河市
尚,2,fukushima,shirakawa,福島県,白河市
壇,3,fukushima,inawashiro,福島県,耶麻郡猪苗代町
硝,1,fukushima,shirakawa,福島県,白河市
禄,2,okinawa,naha,沖縄県,那覇市
桙,1,fukushima,sukagawa,福島県,須賀川市
衝,1,fukushima,sukagawa,福島県,須賀川市
橿,1,fukushima,kitakata,福島県,喜多方市
蝦,1,fukushima,kitakata,福島県,喜多方市
蟆,1,fukushima,kitakata,福島県,喜多方市
冠,2,oita,nakatsu,大分県,中津市
移,3,fukushima,tamura,福島県,田村市
甕,1,fukushima,minamisoma,福島県,南相馬市
雫,1,fukushima,minamisoma,福島県,南相馬市
橲,1,fukushima,minamisoma,福島県,南相馬市
抜,5,kyoto,kamigyo,京都府,京都市上京区
　,2,fukushima,kori,福島県,伊達郡桑折町
賤,1,fukushima,kawamata,福島県,伊達郡川俣町
炮,1,fukushima,kawamata,福島県,伊達郡川俣町
壺,2,okinawa,naha,沖縄県,那覇市
拍,1,fukushima,kawamata,福島県,伊達郡川俣町
澳,1,fukushima,simogo,福島県,南会津郡下郷町
陦,1,fukushima,simogo,福島県,南会津郡下郷町
帝,4,hiroshima,shobara,広島県,庄原市
熨,1,fukushima,minamiaidsu,福島県,南会津郡南会津町
杖,1,fukushima,minamiaidsu,福島県,南会津郡南会津町
精,1,fukushima,minamiaidsu,福島県,南会津郡南会津町
耻,1,fukushima,minamiaidsu,福島県,南会津郡南会津町
群,1,fukushima,nishiaidsu,福島県,耶麻郡西会津町
梯,2,fukushima,inawashiro,福島県,耶麻郡猪苗代町
廟,2,kyoto,yamashina,京都府,京都市山科区
果,1,fukushima,inawashiro,福島県,耶麻郡猪苗代町
マ,23,shiga,takashima,滋賀県,高島市
禰,3,fukushima,inawashiro,福島県,耶麻郡猪苗代町
隕,1,fukushima,inawashiro,福島県,耶麻郡猪苗代町
滴,1,fukushima,inawashiro,福島県,耶麻郡猪苗代町
ギ,1,fukushima,inawashiro,福島県,耶麻郡猪苗代町
デ,1,fukushima,inawashiro,福島県,耶麻郡猪苗代町
キ,23,shiga,takashima,滋賀県,高島市
酸,1,fukushima,inawashiro,福島県,耶麻郡猪苗代町
奨,1,fukushima,inawashiro,福島県,耶麻郡猪苗代町
メ,3,ibaraki,hitachinaka,茨城県,ひたちなか市
コ,2,hokkaido,teshio,北海道,天塩郡天塩町
併,1,fukushima,aidsubange,福島県,河沼郡会津坂下町
戌,2,fukushima,aidsubange,福島県,河沼郡会津坂下町
墓,2,fukushima,aidsubange,福島県,河沼郡会津坂下町
胄,1,fukushima,yanaisdu,福島県,河沼郡柳津町
頤,1,fukushima,aidsumisato,福島県,大沼郡会津美里町
舩,1,fukushima,aidsumisato,福島県,大沼郡会津美里町
旱,1,fukushima,aidsumisato,福島県,大沼郡会津美里町
垬,1,fukushima,yamatsuri,福島県,東白川郡矢祭町
啼,1,fukushima,ishikawa,福島県,石川郡石川町
粧,1,fukushima,miharu,福島県,田村郡三春町
帽,2,kyoto,kita,京都府,京都市北区
過,1,fukushima,miharu,福島県,田村郡三春町
燕,1,fukushima,miharu,福島県,田村郡三春町
担,1,fukushima,miharu,福島県,田村郡三春町
皮,1,fukushima,ono,福島県,田村郡小野町
埓,1,fukushima,shinchi,福島県,相馬郡新地町
退,1,gifu,gifu,岐阜県,岐阜市
嵯,152,kyoto,ukyo,京都府,京都市右京区
峨,152,kyoto,ukyo,京都府,京都市右京区
踊,2,nagasaki,sasebo,長崎県,佐世保市
靱,1,gifu,gifu,岐阜県,岐阜市
戎,24,osaka,sakai,大阪府,堺市堺区
姓,2,kochi,shimanto,高知県,高岡郡四万十町
啓,1,gifu,gifu,岐阜県,岐阜市
廩,1,gifu,gifu,岐阜県,岐阜市
陰,9,miyazaki,hyuga,宮崎県,日向市
徹,36,hokkaido,kushiro,北海道,釧路市
校,4,niigata,chuo,新潟県,新潟市中央区
交,1,gifu,gifu,岐阜県,岐阜市
ぷ,1,gifu,gifu,岐阜県,岐阜市
ぴ,1,gifu,gifu,岐阜県,岐阜市
阜,1,gifu,ogaki,岐阜県,大垣市
芸,28,mie,tsu,三重県,津市
禾,2,gifu,ogaki,岐阜県,大垣市
頬,3,kyoto,fushimi,京都府,京都市伏見区
黍,2,gifu,takayama,岐阜県,高山市
騨,13,gifu,takayama,岐阜県,高山市
賊,1,gifu,takayama,岐阜県,高山市
猷,1,gifu,takayama,岐阜県,高山市
貸,4,gifu,seki,岐阜県,関市
茄,4,osaka,ibaraki,大阪府,枚方市
史,1,gifu,toki,岐阜県,土岐市
各,7,gifu,kagamihara,岐阜県,各務原市
亜,2,gifu,kagamihara,岐阜県,各務原市
甥,1,gifu,kagamihara,岐阜県,各務原市
皐,1,gifu,kani,岐阜県,可児市
眺,1,gifu,kani,岐阜県,可児市
殊,1,gifu,motosu,岐阜県,本巣市
職,1,gifu,gujo,岐阜県,郡上市
少,16,osaka,sakai,大阪府,堺市堺区
脛,1,gifu,ibigawa,岐阜県,揖斐郡揖斐川町
狗,1,gifu,kitagata,岐阜県,本巣郡北方町
幟,2,hiroshima,naka,広島県,広島市中区
似,25,hokkaido,kita,北海道,札幌市北区
猴,1,hiroshima,minami,広島県,広島市南区
己,7,hiroshima,nishi,広島県,広島市西区
伴,6,hiroshima,asaminami,広島県,広島市安佐南区
俊,1,hiroshima,kure,広島県,呉市
繰,1,hiroshima,kure,広島県,呉市
桟,2,kyoto,yamashina,京都府,京都市山科区
峡,2,miyazaki,nobeoka,宮崎県,延岡市
潭,1,hiroshima,kure,広島県,呉市
篝,1,hiroshima,mihara,広島県,三原市
頼,2,hokkaido,ashibetsu,北海道,芦別市
因,11,hiroshima,onomichi,広島県,尾道市
柞,1,hiroshima,fukuyama,広島県,福山市
藁,1,hiroshima,fukuyama,広島県,福山市
涯,2,hiroshima,fukuyama,広島県,福山市
鞆,3,wakayama,kinokawa,和歌山県,紀の川市
縢,1,hiroshima,fuchu,広島県,府中市
棗,1,hiroshima,miyoshi,広島県,三次市
未,1,hiroshima,shobara,広島県,庄原市
究,1,hiroshima,higashihiroshima,広島県,東広島市
糘,1,hiroshima,akitakata,広島県,安芸高田市
ム,4,hokkaido,kushiro,北海道,釧路市
耕,2,hokkaido,tsukigata,北海道,樺戸郡月形町
幌,19,hokkaido,ebetsu,北海道,江別市
羊,1,hokkaido,toyohira,北海道,札幌市豊平区
硬,1,hokkaido,minami,北海道,札幌市南区
沿,19,hokkaido,minami,北海道,札幌市南区
術,1,hokkaido,minami,北海道,札幌市南区
澗,1,hokkaido,hakodate,北海道,函館市
蛾,1,hokkaido,hakodate,北海道,函館市
眉,1,hokkaido,hakodate,北海道,函館市
苔,1,hokkaido,hakodate,北海道,函館市
函,1,hokkaido,hakodate,北海道,函館市
鱒,2,hokkaido,abashiri,北海道,網走市
線,281,hokkaido,kamifurano,北海道,空知郡上富良野町
紛,2,hokkaido,asahikawa,北海道,旭川市
萌,2,hokkaido,ebetsu,北海道,江別市
辛,24,hokkaido,kushiro,北海道,釧路市
釧,1,hokkaido,kushiro,北海道,釧路市
幣,1,hokkaido,kushiro,北海道,釧路市
チ,3,hokkaido,kushiro,北海道,釧路市
ョ,1,hokkaido,kushiro,北海道,釧路市
ベ,12,hokkaido,kushiro,北海道,釧路市
ュ,2,hokkaido,kushiro,北海道,釧路市
ヌ,4,hokkaido,kushiro,北海道,釧路市
ャ,2,hokkaido,kushiro,北海道,釧路市
ネ,2,hokkaido,kushiro,北海道,釧路市
ナ,4,hokkaido,naie,北海道,空知郡奈井江町
ワ,1,hokkaido,kushiro,北海道,釧路市
零,2,hokkaido,obihiro,北海道,帯広市
緋,1,hokkaido,kitami,北海道,北見市
蘂,29,hokkaido,kitami,北海道,北見市
砺,1,hokkaido,iwamizawa,北海道,岩見沢市
必,1,hokkaido,iwamizawa,北海道,岩見沢市
勇,3,hokkaido,tomakomai,北海道,苫小牧市
癸,2,hokkaido,bibai,北海道,美唄市
奔,10,hokkaido,mikasa,北海道,三笠市
葦,1,hokkaido,bibai,北海道,美唄市
訓,1,hokkaido,monbetsu,北海道,紋別市
紋,1,hokkaido,monbetsu,北海道,紋別市
彰,1,hokkaido,nayoro,北海道,名寄市
珸,1,hokkaido,nemuro,北海道,根室市
瑤,1,hokkaido,nemuro,北海道,根室市
瑁,1,hokkaido,nemuro,北海道,根室市
昆,4,hyogo,itami,兵庫県,伊丹市
晶,1,hokkaido,nemuro,北海道,根室市
歯,1,hokkaido,nemuro,北海道,根室市
槍,1,hokkaido,nemuro,北海道,根室市
昔,1,hokkaido,nemuro,北海道,根室市
酪,1,hokkaido,nemuro,北海道,根室市
笏,1,hokkaido,chitose,北海道,千歳市
已,1,hokkaido,fukagawa,北海道,深川市
優,1,hokkaido,date,北海道,伊達市
稀,3,hokkaido,date,北海道,伊達市
弄,1,hokkaido,date,北海道,伊達市
聚,1,hokkaido,ishikari,北海道,石狩市
送,1,hokkaido,ishikari,北海道,石狩市
峩,1,hokkaido,hokuto,北海道,北斗市
朗,1,hokkaido,hokuto,北海道,北斗市
ビ,1,hokkaido,tobetsu,北海道,石狩郡当別町
符,1,hokkaido,fukushima,北海道,松前郡福島町
鉛,1,hokkaido,yakumo,北海道,二海郡八雲町
鰔,1,hokkaido,esashi,北海道,枝幸郡枝幸町
厘,1,hokkaido,esashi,北海道,枝幸郡枝幸町
椴,1,hokkaido,esashi,北海道,枝幸郡枝幸町
奮,1,hokkaido,esashi,北海道,枝幸郡枝幸町
沃,1,hokkaido,esashi,北海道,枝幸郡枝幸町
標,2,hokkaido,esashi,北海道,枝幸郡枝幸町
烈,1,hokkaido,esashi,北海道,枝幸郡枝幸町
球,1,hokkaido,okushiri,北海道,奥尻郡奥尻町
櫓,1,hokkaido,setana,北海道,久遠郡せたな町
棄,1,hokkaido,suttsu,北海道,寿都郡寿都町
郛,3,hokkaido,kuromatsunai,北海道,寿都郡黒松内町
讃,2,osaka,kawachinagano,大阪府,寝屋川市
蹄,1,hokkaido,niseko,北海道,虻田郡ニセコ町
壮,1,hokkaido,kimobetsu,北海道,虻田郡喜茂別町
盃,1,hokkaido,tomari,北海道,古宇郡泊村
珊,1,hokkaido,kamoenai,北海道,古宇郡神恵内村
舸,1,hokkaido,shakotan,北海道,積丹郡積丹町
民,1,hokkaido,niki,北海道,余市郡仁木町
煙,2,hokkaido,horokanai,北海道,雨竜郡幌加内町
ボ,1,hokkaido,moseushi,北海道,雨竜郡妹背牛町
渭,1,hokkaido,uryu,北海道,雨竜郡雨竜町
層,1,hokkaido,kamikawa,北海道,上川郡上川町
莫,4,hokkaido,biei,北海道,上川郡美瑛町
画,6,kumamoto,higashi,熊本県,熊本市東区
瑛,2,hokkaido,biei,北海道,上川郡美瑛町
憩,2,hokkaido,biei,北海道,上川郡美瑛町
倍,4,shizuoka,aoi,静岡県,静岡市葵区
討,1,hokkaido,nakafurano,北海道,空知郡中富良野町
占,4,kagoshima,minamiosumi,鹿児島県,肝属郡南大隅町
斑,1,hokkaido,bifuka,北海道,中川郡美深町
暑,4,hokkaido,mashike,北海道,増毛郡増毛町
砿,2,hokkaido,haboro,北海道,苫前郡羽幌町
ヘ,1,hokkaido,teshio,北海道,天塩郡天塩町
ペ,1,hokkaido,teshio,北海道,天塩郡天塩町
斜,1,hokkaido,hamatonbetsu,北海道,枝幸郡浜頓別町
ポ,1,hokkaido,hamatonbetsu,北海道,枝幸郡浜頓別町
禽,1,hokkaido,bihoro,北海道,網走郡美幌町
活,1,hokkaido,tsubetsu,北海道,網走郡津別町
速,2,shiga,nagahama,滋賀県,長浜市
湧,3,hokkaido,saroma,北海道,紋別郡遠軽町
渦,1,hyogo,higashinada,兵庫県,神戸市東灘区
耶,32,oita,nakatsu,大分県,中津市
埠,1,hyogo,nada,兵庫県,神戸市灘区
鵯,2,hyogo,hyogo,兵庫県,神戸市兵庫区
馴,2,ibaraki,ryugasaki,茨城県,龍ヶ崎市
再,1,hyogo,chuo,兵庫県,神戸市中央区
播,1,hyogo,chuo,兵庫県,神戸市中央区
書,3,hyogo,himeji,兵庫県,姫路市
写,3,hyogo,himeji,兵庫県,姫路市
杤,1,hyogo,himeji,兵庫県,姫路市
案,1,hyogo,himeji,兵庫県,姫路市
腐,1,hyogo,himeji,兵庫県,姫路市
編,1,hyogo,himeji,兵庫県,姫路市
崇,1,hyogo,amagasaki,兵庫県,尼崎市
湛,1,hyogo,nishinomiya,兵庫県,西宮市
呪,1,hyogo,nishinomiya,兵庫県,西宮市
乎,6,hyogo,sumoto,兵庫県,洲本市
邑,27,okayama,setouchi,岡山県,瀬戸内市
炬,1,hyogo,sumoto,兵庫県,洲本市
但,42,hyogo,toyooka,兵庫県,豊岡市
宵,2,hyogo,toyooka,兵庫県,豊岡市
椒,1,hyogo,toyooka,兵庫県,豊岡市
劫,1,hyogo,toyooka,兵庫県,豊岡市
鷏,1,hyogo,ako,兵庫県,赤穂市
孑,1,hyogo,takaradsuka,兵庫県,宝塚市
窟,1,hyogo,miki,兵庫県,三木市
這,3,kyoto,minami,京都府,京都市南区
桾,1,hyogo,miki,兵庫県,三木市
甸,1,hyogo,ono,兵庫県,小野市
育,5,mie,kumano,三重県,熊野市
鎮,20,saga,karatsu,佐賀県,唐津市
吸,1,hyogo,kasai,兵庫県,加西市
糯,1,hyogo,tanbasasayama,兵庫県,丹波篠山市
筱,2,hyogo,tanbasasayama,兵庫県,丹波篠山市
狂,1,hyogo,yabu,兵庫県,養父市
毫,1,hyogo,tanba,兵庫県,丹波市
列,10,hyogo,minamiawaji,兵庫県,南あわじ市
委,1,hyogo,minamiawaji,兵庫県,南あわじ市
國,1,hyogo,minamiawaji,兵庫県,南あわじ市
掃,2,kyoto,fushimi,京都府,京都市伏見区
鈩,1,hyogo,minamiawaji,兵庫県,南あわじ市
嚢,1,hyogo,asago,兵庫県,朝来市
掎,1,hyogo,kato,兵庫県,加東市
揖,55,hyogo,tatsuno,兵庫県,たつの市
觜,2,hyogo,tatsuno,兵庫県,たつの市
肝,1,hyogo,inagawa,兵庫県,川辺郡猪名川町
哉,1,hyogo,sayo,兵庫県,佐用郡佐用町
應,1,hyogo,sayo,兵庫県,佐用郡佐用町
耀,1,hyogo,kami,兵庫県,美方郡香美町
柤,1,hyogo,kami,兵庫県,美方郡香美町
實,1,hyogo,kami,兵庫県,美方郡香美町
圷,1,ibaraki,mito,茨城県,水戸市
宍,10,shimane,matsue,島根県,松江市
碁,1,ibaraki,ishioka,茨城県,石岡市
塗,1,ibaraki,ryugasaki,茨城県,龍ヶ崎市
収,1,ibaraki,joso,茨城県,常総市
員,20,mie,inabe,三重県,いなべ市
猯,1,ibaraki,ushiku,茨城県,牛久市
硲,2,ibaraki,tsukuba,茨城県,つくば市
句,1,ibaraki,hitachinaka,茨城県,ひたちなか市
べ,1,ibaraki,hitachinaka,茨城県,ひたちなか市
抽,1,ibaraki,hitachiomiya,茨城県,常陸大宮市
帰,2,ishikawa,kanazawa,石川県,金沢市
鱗,2,kyoto,shimogyo,京都府,京都市下京区
念,13,okinawa,nanjo,沖縄県,南城市
奇,1,ishikawa,kanazawa,石川県,金沢市
醒,1,ishikawa,kanazawa,石川県,金沢市
専,2,toyama,toyama,富山県,富山市
娚,1,ishikawa,kanazawa,石川県,金沢市
筆,1,ishikawa,nanao,石川県,七尾市
挟,1,ishikawa,nanao,石川県,七尾市
閨,1,ishikawa,nanao,石川県,七尾市
飴,1,ishikawa,komatsu,石川県,小松市
尊,4,kyoto,ukyo,京都府,京都市右京区
窕,1,ishikawa,wajima,石川県,輪島市
禿,1,ishikawa,wajima,石川県,輪島市
緤,1,ishikawa,suzu,石川県,珠洲市
枯,1,ishikawa,kaga,石川県,加賀市
咋,1,ishikawa,hakui,石川県,羽咋市
礫,1,ishikawa,hakusan,石川県,白山市
倶,1,ishikawa,tsubata,石川県,河北郡津幡町
伽,2,kyoto,fushimi,京都府,京都市伏見区
講,3,shimane,matsue,島根県,松江市
鮭,1,ishikawa,noto,石川県,鳳珠郡能登町
爼,1,ishikawa,noto,石川県,鳳珠郡能登町
俄,1,iwate,morioka,岩手県,盛岡市
犾,2,iwate,morioka,岩手県,盛岡市
痩,1,iwate,morioka,岩手県,盛岡市
卦,1,iwate,morioka,岩手県,盛岡市
鉈,1,iwate,morioka,岩手県,盛岡市
鎖,1,iwate,miyako,岩手県,宮古市
毒,1,iwate,hanamaki,岩手県,花巻市
霜,1,iwate,kuji,岩手県,久慈市
害,3,miyagi,kesennuma,宮城県,気仙沼市
嬉,38,mie,matsusaka,三重県,松阪市
兄,2,iwate,hachimantai,岩手県,八幡平市
叺,1,iwate,hachimantai,岩手県,八幡平市
亦,1,iwate,hachimantai,岩手県,八幡平市
胆,3,iwate,oshu,岩手県,奥州市
銘,2,okinawa,naha,沖縄県,那覇市
鰍,1,iwate,takizawa,岩手県,滝沢市
参,2,iwate,takizawa,岩手県,滝沢市
麁,1,iwate,shizukuishi,岩手県,岩手郡雫石町
拂,1,iwate,shizukuishi,岩手県,岩手郡雫石町
抱,1,iwate,iwate,岩手県,岩手郡岩手町
狄,1,iwate,karumai,岩手県,九戸郡軽米町
ゼ,2,kagawa,takamatsu,香川県,高松市
詫,10,kagawa,mitoyo,香川県,三豊市
局,1,kagawa,naoshima,香川県,香川郡直島町
臈,1,kagawa,naoshima,香川県,香川郡直島町
言,1,kagawa,naoshima,香川県,香川郡直島町
枌,1,kagawa,ayagawa,香川県,綾歌郡綾川町
買,1,kagawa,mannou,香川県,仲多度郡まんのう町
突,5,kyoto,kamigyo,京都府,京都市上京区
眼,1,kagoshima,kagoshima,鹿児島県,鹿児島市
皷,1,kagoshima,kagoshima,鹿児島県,鹿児島市
姶,1,kagoshima,kanoya,鹿児島県,鹿屋市
識,3,kagoshima,idsumi,鹿児島県,出水市
藺,2,kagoshima,satsumasendai,鹿児島県,薩摩川内市
祁,9,nara,nara,奈良県,奈良市
答,4,kagoshima,satsumasendai,鹿児島県,薩摩川内市
熟,1,kagoshima,hioki,鹿児島県,日置市
例,2,kagoshima,kirishima,鹿児島県,霧島市
佳,1,kagoshima,kirishima,鹿児島県,霧島市
頴,5,kagoshima,minamikyushu,鹿児島県,南九州市
娃,5,kagoshima,minamikyushu,鹿児島県,南九州市
覧,8,kagoshima,minamikyushu,鹿児島県,南九州市
假,1,kagoshima,osaki,鹿児島県,曽於郡大崎町
湾,2,okinawa,ginowan,沖縄県,宜野湾市
芒,1,nagasaki,nagasaki,長崎県,長崎市
炉,1,nagasaki,nagasaki,長崎県,長崎市
箙,1,nagasaki,sasebo,長崎県,佐世保市
潜,1,nagasaki,sasebo,長崎県,佐世保市
髪,2,kumamoto,kita,熊本県,熊本市北区
浸,1,nagasaki,sasebo,長崎県,佐世保市
尽,1,nagasaki,sasebo,長崎県,佐世保市
搦,1,nagasaki,isahaya,長崎県,諫早市
紐,2,nagasaki,hirado,長崎県,平戸市
朶,1,nagasaki,hirado,長崎県,平戸市
酘,3,nagasaki,tsushima,長崎県,対馬市
窄,1,nagasaki,goto,長崎県,五島市
蠣,1,nagasaki,saikai,長崎県,西海市
彼,16,nagasaki,saikai,長崎県,西海市
楯,19,yamagata,murayama,山形県,村山市
椹,2,yamagata,yamagata,山形県,山形市
鮨,1,yamagata,yamagata,山形県,山形市
梳,1,yamagata,tsuruoka,山形県,鶴岡市
暘,1,yamagata,tsuruoka,山形県,鶴岡市
楪,1,yamagata,tsuruoka,山形県,鶴岡市
点,1,yamagata,murayama,山形県,村山市
晦,1,yamagata,murayama,山形県,村山市
勧,29,kyoto,yamashina,京都府,京都市山科区
擶,1,yamagata,tendo,山形県,天童市
営,6,yamagata,higashine,山形県,東根市
朧,2,yamagata,obanazawa,山形県,尾花沢市
梺,1,yamagata,obanazawa,山形県,尾花沢市
釿,1,yamagata,oe,山形県,西村山郡大江町
其,2,mie,tsu,三重県,津市
蒄,1,yamagata,kawanishi,山形県,東置賜郡川西町
莅,1,yamagata,kawanishi,山形県,東置賜郡川西町
煎,1,yamagata,shonai,山形県,東田川郡庄内町
薊,6,kochi,kochi,高知県,高知市
介,4,kochi,kochi,高知県,高知市
絶,1,kochi,kochi,高知県,高知市
埆,1,kochi,kochi,高知県,高知市
孕,2,kochi,kochi,高知県,高知市
づ,2,kochi,kochi,高知県,高知市
章,1,kochi,nankoku,高知県,南国市
還,1,kochi,sukumo,高知県,宿毛市
沈,1,kumamoto,minami,熊本県,熊本市南区
硴,1,kumamoto,minami,熊本県,熊本市南区
莎,1,kumamoto,minami,熊本県,熊本市南区
徴,1,kumamoto,yatsushiro,熊本県,八代市
栴,1,kumamoto,yatsushiro,熊本県,八代市
催,1,kumamoto,yatsushiro,熊本県,八代市
泗,9,kumamoto,kikuchi,熊本県,菊池市
琳,1,kumamoto,kikuchi,熊本県,菊池市
亘,1,kumamoto,kikuchi,熊本県,菊池市
維,2,yamaguchi,yamaguchi,山口県,山口市
枦,1,kumamoto,amakusa,熊本県,天草市
蜻,4,kyoto,yawata,京都府,八幡市
栫,1,kumamoto,hikawa,熊本県,八代郡氷川町
告,1,kumamoto,ashikita,熊本県,葦北郡芦北町
琢,3,kyoto,kita,京都府,京都市北区
榿,2,kyoto,kita,京都府,京都市北区
閣,2,kyoto,sakyo,京都府,京都市左京区
悦,2,kyoto,yosano,京都府,与謝郡与謝野町
獄,1,kyoto,kita,京都府,京都市北区
蛙,1,kyoto,kita,京都府,京都市北区
菴,2,kyoto,kita,京都府,京都市北区
栩,1,kyoto,kita,京都府,京都市北区
茸,1,kyoto,kita,京都府,京都市北区
輿,2,kyoto,kita,京都府,京都市北区
閻,1,kyoto,kamigyo,京都府,京都市上京区
魔,1,kyoto,kamigyo,京都府,京都市上京区
解,1,kyoto,kamigyo,京都府,京都市上京区
革,6,kyoto,kamigyo,京都府,京都市上京区
坤,2,kyoto,ukyo,京都府,京都市右京区
莢,1,kyoto,kamigyo,京都府,京都市上京区
弾,2,kyoto,kamigyo,京都府,京都市上京区
庇,1,kyoto,kamigyo,京都府,京都市上京区
遍,2,kyoto,kamigyo,京都府,京都市上京区
曼,1,kyoto,kamigyo,京都府,京都市上京区
顕,1,kyoto,kamigyo,京都府,京都市上京区
暦,1,kyoto,sakyo,京都府,京都市左京区
閉,2,kyoto,sakyo,京都府,京都市左京区
病,1,kyoto,sakyo,京都府,京都市左京区
艾,1,kyoto,sakyo,京都府,京都市左京区
沮,2,kyoto,sakyo,京都府,京都市左京区
脊,4,kyoto,sakyo,京都府,京都市左京区
寝,4,osaka,kawachinagano,大阪府,寝屋川市
椥,10,kyoto,yamashina,京都府,京都市山科区
悲,1,kyoto,higashiyama,京都府,京都市東山区
轆,1,kyoto,higashiyama,京都府,京都市東山区
轤,1,kyoto,higashiyama,京都府,京都市東山区
換,1,kyoto,shimogyo,京都府,京都市下京区
錫,1,kyoto,shimogyo,京都府,京都市下京区
卓,1,kyoto,shimogyo,京都府,京都市下京区
錺,2,kyoto,shimogyo,京都府,京都市下京区
読,2,kyoto,shimogyo,京都府,京都市下京区
酢,1,kyoto,shimogyo,京都府,京都市下京区
罧,2,kyoto,ukyo,京都府,京都市右京区
裾,1,kyoto,ukyo,京都府,京都市右京区
淳,2,kyoto,ukyo,京都府,京都市右京区
也,1,kyoto,ukyo,京都府,京都市右京区
樒,3,kyoto,ukyo,京都府,京都市右京区
蛉,4,kyoto,yawata,京都府,八幡市
兆,1,kyoto,ukyo,京都府,京都市右京区
授,1,kyoto,ukyo,京都府,京都市右京区
澱,1,kyoto,fushimi,京都府,京都市伏見区
撞,1,kyoto,fushimi,京都府,京都市伏見区
泓,2,kyoto,fushimi,京都府,京都市伏見区
躰,1,kyoto,fushimi,京都府,京都市伏見区
ゝ,1,kyoto,fushimi,京都府,京都市伏見区
軸,2,toyama,nanto,富山県,南砺市
秡,1,kyoto,fushimi,京都府,京都市伏見区
耆,1,kyoto,fushimi,京都府,京都市伏見区
珍,1,kyoto,yamashina,京都府,京都市山科区
潰,2,kyoto,yamashina,京都府,京都市山科区
封,2,kyoto,yamashina,京都府,京都市山科区
虚,3,miyagi,marumori,宮城県,伊具郡丸森町
ゲ,1,kyoto,nishikyo,京都府,京都市西京区
捻,1,kyoto,nishikyo,京都府,京都市西京区
私,5,osaka,osakasayama,大阪府,交野市
菟,17,nara,uda,奈良県,宇陀市
岼,1,kyoto,fukuchiyama,京都府,福知山市
故,1,kyoto,ayabe,京都府,綾部市
莵,1,kyoto,uji,京都府,宇治市
擬,1,kyoto,yawata,京都府,八幡市
欽,2,kyoto,yawata,京都府,八幡市
樵,1,kyoto,yawata,京都府,八幡市
珀,1,kyoto,yawata,京都府,八幡市
嘗,1,kyoto,kyotanabe,京都府,京田辺市
跨,1,kyoto,kyotanabe,京都府,京田辺市
薑,1,kyoto,kyotanabe,京都府,京田辺市
薪,50,kyoto,kyotanabe,京都府,京田辺市
脱,1,kyoto,kyotanabe,京都府,京田辺市
裂,1,kyoto,kyotanabe,京都府,京田辺市
賢,24,kyoto,kyotanabe,京都府,京田辺市
暗,1,kyoto,kyotanabe,京都府,京田辺市
牙,1,kyoto,kyotanabe,京都府,京田辺市
責,1,kyoto,kyotanabe,京都府,京田辺市
枳,1,kyoto,kyotango,京都府,京丹後市
断,1,kyoto,kyotango,京都府,京丹後市
綺,1,kyoto,kizugawa,京都府,木津川市
狛,2,kyoto,seika,京都府,相楽郡精華町
撰,1,kyoto,wazuka,京都府,相楽郡和束町
柘,3,mie,iga,三重県,伊賀市
榴,2,miyagi,miyagino,宮城県,仙台市宮城野区
質,2,kyoto,kyotanba,京都府,船井郡京丹波町
謝,2,okinawa,naha,沖縄県,那覇市
漕,2,mie,tsu,三重県,津市
仰,3,shiga,otsu,滋賀県,大津市
釆,2,mie,yokkaichi,三重県,四日市市
粥,2,mie,matsusaka,三重県,松阪市
汰,2,mie,kuwana,三重県,桑名市
だ,1,mie,kuwana,三重県,桑名市
磧,1,mie,kuwana,三重県,桑名市
巖,1,mie,kuwana,三重県,桑名市
短,1,mie,nabari,三重県,名張市
褒,1,mie,kameyama,三重県,亀山市
炊,1,mie,iga,三重県,伊賀市
枅,1,mie,iga,三重県,伊賀市
琉,1,mie,iga,三重県,伊賀市
把,1,mie,toin,三重県,員弁郡東員町
ヴ,1,mie,taki,三重県,多気郡多気町
ソ,1,mie,taki,三重県,多気郡多気町
爾,1,mie,meiwa,三重県,多気郡明和町
注,1,mie,watarai,三重県,度会郡度会町
當,1,mie,watarai,三重県,度会郡度会町
鮠,1,mie,watarai,三重県,度会郡度会町
慥,1,mie,minamiise,三重県,度会郡南伊勢町
便,1,mie,kihoku,三重県,北牟婁郡紀北町
椌,1,miyagi,wakabayashi,宮城県,仙台市若林区
鈎,2,miyagi,taihaku,宮城県,仙台市太白区
塒,1,miyagi,taihaku,宮城県,仙台市太白区
埣,3,miyagi,osaki,宮城県,大崎市
鱈,2,miyagi,kesennuma,宮城県,気仙沼市
載,1,miyagi,kesennuma,宮城県,気仙沼市
箒,1,miyagi,kesennuma,宮城県,気仙沼市
圃,3,miyagi,kesennuma,宮城県,気仙沼市
瘻,1,miyagi,kesennuma,宮城県,気仙沼市
婆,1,miyagi,shiroishi,宮城県,白石市
閖,1,miyagi,natori,宮城県,名取市
互,1,miyagi,natori,宮城県,名取市
ぜ,1,miyagi,tome,宮城県,登米市
翌,1,miyagi,tome,宮城県,登米市
鎗,1,miyagi,kurihara,宮城県,栗原市
侭,4,miyagi,shichikashuku,宮城県,刈田郡七ヶ宿町
覆,1,miyagi,marumori,宮城県,伊具郡丸森町
萓,1,miyagi,marumori,宮城県,伊具郡丸森町
悠,1,miyagi,watari,宮城県,亘理郡亘理町
卑,1,miyagi,watari,宮城県,亘理郡亘理町
苺,3,miyagi,watari,宮城県,亘理郡亘理町
衡,1,miyagi,ohira,宮城県,黒川郡大衡村
楜,2,miyagi,kami,宮城県,加美郡加美町
〆,1,miyagi,kami,宮城県,加美郡加美町
葡,1,miyagi,kami,宮城県,加美郡加美町
萄,1,miyagi,kami,宮城県,加美郡加美町
薔,1,miyagi,wakuya,宮城県,遠田郡涌谷町
薇,1,miyagi,wakuya,宮城県,遠田郡涌谷町
箟,1,miyagi,wakuya,宮城県,遠田郡涌谷町
叔,1,miyagi,misato,宮城県,遠田郡美里町
廼,1,miyagi,misato,宮城県,遠田郡美里町
菓,1,miyazaki,miyakonojo,宮崎県,都城市
飫,1,miyazaki,nichinan,宮崎県,日南市
鉋,4,nagano,nagano,長野県,長野市
鑪,1,nagano,nagano,長野県,長野市
伺,1,nagano,nagano,長野県,長野市
曇,21,shiga,takashima,滋賀県,高島市
膚,1,nara,nara,奈良県,奈良市
鵲,1,nara,nara,奈良県,奈良市
誓,1,nara,nara,奈良県,奈良市
辱,1,nara,nara,奈良県,奈良市
審,1,nara,nara,奈良県,奈良市
昧,1,nara,tenri,奈良県,天理市
苣,1,nara,tenri,奈良県,天理市
忌,3,tokushima,yoshinogawa,徳島県,吉野川市
傳,1,nara,gojo,奈良県,五條市
穗,2,nara,katsuragi,奈良県,葛城市
辨,1,nara,katsuragi,奈良県,葛城市
﨑,1,nara,uda,奈良県,宇陀市
礎,7,niigata,chuo,新潟県,新潟市中央区
艀,1,niigata,chuo,新潟県,新潟市中央区
秣,3,oita,nakatsu,大分県,中津市
丞,1,niigata,konan,新潟県,新潟市江南区
捲,1,niigata,minami,新潟県,新潟市南区
鯵,1,niigata,minami,新潟県,新潟市南区
蜘,1,niigata,minami,新潟県,新潟市南区
鏥,1,niigata,nishikan,新潟県,新潟市西蒲区
称,1,niigata,nishikan,新潟県,新潟市西蒲区
鱸,1,niigata,nishikan,新潟県,新潟市西蒲区
稽,1,niigata,nagaoka,新潟県,長岡市
摂,2,niigata,nagaoka,新潟県,長岡市
葎,2,toyama,nanto,富山県,南砺市
蝶,1,niigata,sanjo,新潟県,三条市
椡,1,niigata,shibata,新潟県,新発田市
碩,1,oita,oita,大分県,大分市
礬,1,oita,beppu,大分県,別府市
悟,1,oita,nakatsu,大分県,中津市
諌,1,oita,nakatsu,大分県,中津市
窓,5,okayama,setouchi,岡山県,瀬戸内市
刃,1,oita,hita,大分県,日田市
掻,1,oita,usuki,大分県,臼杵市
筌,1,oita,usa,大分県,宇佐市
且,1,oita,usa,大分県,宇佐市
裳,1,oita,usa,大分県,宇佐市
衲,1,oita,usa,大分県,宇佐市
宛,1,oita,bungoono,大分県,豊後大野市
滞,1,oita,bungoono,大分県,豊後大野市
賞,1,okayama,naka,岡山県,岡山市中区
蟠,1,okayama,higashi,岡山県,岡山市東区
肩,1,okayama,higashi,岡山県,岡山市東区
粒,4,okayama,kurashiki,岡山県,倉敷市
齋,1,okayama,tsuyama,岡山県,津山市
胸,1,okayama,tamano,岡山県,玉野市
弩,1,okayama,kasaoka,岡山県,笠岡市
槁,1,okayama,soja,岡山県,総社市
臘,1,okayama,takahashi,岡山県,高梁市
哲,16,okayama,nimi,岡山県,新見市
酌,2,shimane,matsue,島根県,松江市
匝,1,okayama,akaiwa,岡山県,赤磐市
汀,6,wakayama,wakayama,和歌山県,和歌山市
得,1,okinawa,ishigaki,沖縄県,石垣市
岻,2,okinawa,urasoe,沖縄県,浦添市
泡,2,okinawa,okinawa,沖縄県,沖縄市
覇,1,okinawa,tomigusuku,沖縄県,豊見城市
渠,1,okinawa,nanjo,沖縄県,南城市
矼,1,okinawa,yomitan,沖縄県,中頭郡読谷村
伶,1,osaka,tennoji,大阪府,大阪市天王寺区
融,1,osaka,kita,大阪府,大阪市北区
遇,1,osaka,toyonaka,大阪府,岸和田市
秬,1,osaka,moriguchi,大阪府,貝塚市
蕎,1,osaka,moriguchi,大阪府,貝塚市
錯,1,osaka,hirakata,大阪府,守口市
招,9,osaka,ibaraki,大阪府,枚方市
禁,2,osaka,ibaraki,大阪府,枚方市
朋,1,osaka,izumi,大阪府,大東市
急,1,osaka,takaishi,大阪府,摂津市
蔀,2,osaka,katano,大阪府,四條畷市
萸,2,osaka,hannan,大阪府,大阪狭山市
敬,1,saga,saga,佐賀県,佐賀市
杠,1,saga,saga,佐賀県,佐賀市
箞,1,saga,karatsu,佐賀県,唐津市
餘,1,saga,kanzaki,佐賀県,神埼市
途,1,shiga,otsu,滋賀県,大津市
滋,5,shiga,otsu,滋賀県,大津市
叡,2,shiga,otsu,滋賀県,大津市
邇,7,shiga,otsu,滋賀県,大津市
紡,1,shiga,nagahama,滋賀県,長浜市
撲,2,shiga,nagahama,滋賀県,長浜市
焔,1,shiga,moriyama,滋賀県,守山市
欲,1,shiga,moriyama,滋賀県,守山市
環,1,shiga,moriyama,滋賀県,守山市
宣,1,shiga,moriyama,滋賀県,守山市
綣,1,shiga,ritto,滋賀県,栗東市
堵,1,shiga,koka,滋賀県,甲賀市
嶬,1,shiga,koka,滋賀県,甲賀市
個,24,shiga,higashiomi,滋賀県,東近江市
淞,1,shimane,matsue,島根県,松江市
瀉,1,shimane,matsue,島根県,松江市
嫁,2,shimane,matsue,島根県,松江市
杼,1,shimane,izumo,島根県,出雲市
碕,1,shimane,izumo,島根県,出雲市
遙,1,shimane,izumo,島根県,出雲市
堪,1,shimane,izumo,島根県,出雲市
絡,1,shimane,izumo,島根県,出雲市
匹,8,shimane,masuda,島根県,益田市
猛,1,shimane,oda,島根県,大田市
坏,1,shimane,oda,島根県,大田市
承,1,shizuoka,shimizu,静岡県,静岡市清水区
鵺,1,shizuoka,kita,静岡県,浜松市北区
訶,1,shizuoka,kita,静岡県,浜松市北区
鵰,1,shizuoka,numazu,静岡県,沼津市
策,1,shizuoka,yaizu,静岡県,焼津市
睡,1,shizuoka,fukuroi,静岡県,袋井市
墹,1,shizuoka,izunokuni,静岡県,伊豆の国市
畭,1,tokushima,anan,徳島県,阿南市
饌,1,tokushima,yoshinogawa,徳島県,吉野川市
整,4,tokushima,awa,徳島県,阿波市
冥,1,tokushima,miyoshi,徳島県,三好市
杙,1,tottori,tottori,鳥取県,鳥取市
庁,1,tottori,tottori,鳥取県,鳥取市
歎,1,tottori,tottori,鳥取県,鳥取市
桷,1,tottori,tottori,鳥取県,鳥取市
庖,1,tottori,tottori,鳥取県,鳥取市
矯,1,tottori,tottori,鳥取県,鳥取市
像,1,tottori,yonago,鳥取県,米子市
忰,1,tottori,kurayoshi,鳥取県,倉吉市
誠,1,tottori,sakaiminato,鳥取県,境港市
曹,1,tottori,misasa,鳥取県,東伯郡三朝町
釛,1,tottori,kotoura,鳥取県,東伯郡琴浦町
箆,1,tottori,kotoura,鳥取県,東伯郡琴浦町
鈑,1,tottori,daisen,鳥取県,西伯郡大山町
伐,1,tottori,nanbu,鳥取県,西伯郡南部町
艘,1,toyama,toyama,富山県,富山市
鶚,1,toyama,toyama,富山県,富山市
躬,1,toyama,toyama,富山県,富山市
滅,1,toyama,toyama,富山県,富山市
伸,1,toyama,takaoka,富山県,高岡市
Ⅰ,1,toyama,takaoka,富山県,高岡市
Ｃ,1,toyama,takaoka,富山県,高岡市
姿,1,toyama,himi,富山県,氷見市
亟,1,toyama,oyabe,富山県,小矢部市
了,1,toyama,oyabe,富山県,小矢部市
扱,1,wakayama,kainan,和歌山県,海南市
鰈,1,wakayama,kainan,和歌山県,海南市
孟,1,wakayama,kainan,和歌山県,海南市
盾,1,wakayama,shingu,和歌山県,新宮市
徐,1,wakayama,shingu,和歌山県,新宮市
垢,6,yamaguchi,shimonoseki,山口県,下関市
ぽ,1,yamaguchi,shimonoseki,山口県,下関市
棯,1,yamaguchi,ube,山口県,宇部市
装,1,yamaguchi,iwakuni,山口県,岩国市
粭,1,yamaguchi,shunan,山口県,周南市
垰,1,yamaguchi,shunan,山口県,周南市
浴,1,yamaguchi,shunan,山口県,周南市
雌,1,yamanashi,tsuru,山梨県,都留市
團,1,yamanashi,kai,山梨県,甲斐市
垈,1,yamanashi,kai,山梨県,甲斐市
棡,1,yamanashi,uenohara,山梨県,上野原市
息,1,yamanashi,koshu,山梨県,甲州市
